,DATE,SPEND,CLICKS,IMPRESSIONS,SEARCH_IMPRESSION_SHARE,CPC,ELIGIBLE_IMPRESSIONS
0,2022-01-01,1422.33,269.0,1576.0,1.5,5.287472118959108,1050.6666666666667
1,2022-01-02,1734.76,325.0,2380.0,1.7999999999999998,5.337723076923077,1322.2222222222224
2,2022-01-03,7308.0599999999995,1090.0,6409.0,1.78,6.7046422018348615,3600.561797752809
3,2022-01-04,9764.99,1475.0,7115.0,1.6099999999999999,6.620332203389831,4419.2546583850935
4,2022-01-05,11775.19,1564.0,8512.0,1.74,7.528893861892583,4891.954022988506
5,2022-01-06,10830.27,1556.0,8544.0,1.8399999999999999,6.960327763496144,4643.478260869566
6,2022-01-07,11608.36,1366.0,7840.0,1.93,8.498067349926794,4062.176165803109
7,2022-01-08,8412.22,851.0,4626.0,1.96,9.885099882491186,2360.204081632653
8,2022-01-09,9796.9,849.0,4712.0,1.94,11.539340400471142,2428.865979381443
9,2022-01-10,15558.14,1174.0,7311.0,1.76,13.252248722316866,4153.977272727273
10,2022-01-11,15645.92,1139.0,6680.0,1.58,13.736540825285338,4227.848101265822
11,2022-01-12,15705.25,1171.0,7013.0,1.6600000000000001,13.411827497865072,4224.698795180722
12,2022-01-13,15898.529999999999,1211.0,6538.0,1.67,13.128431048720065,3914.9700598802397
13,2022-01-14,10500.47,977.0,6448.0,1.85,10.74766632548618,3485.4054054054054
14,2022-01-15,7742.65,557.0,3579.0,1.95,13.900628366247755,1835.3846153846155
15,2022-01-16,8099.6900000000005,466.0,3055.0,1.9,17.381309012875537,1607.8947368421054
16,2022-01-17,13105.69,1163.0,5689.0,1.73,11.268865004299226,3288.4393063583816
17,2022-01-18,17890.97,1577.0,8007.0,1.68,11.344939759036146,4766.071428571428
18,2022-01-19,15104.47,1392.0,7982.0,1.73,10.850912356321839,4613.872832369942
19,2022-01-20,16048.59,1472.0,7810.0,1.67,10.90257472826087,4676.646706586826
20,2022-01-21,14609.67,1340.0,7098.0,1.69,10.902738805970149,4200.0
21,2022-01-22,10414.02,798.0,4197.0,1.87,13.05015037593985,2244.3850267379676
22,2022-01-23,11946.759999999998,928.0,4172.0,1.77,12.873663793103447,2357.062146892655
23,2022-01-24,10499.22,678.0,3960.0,1.65,15.485575221238937,2400.0
24,2022-01-25,3427.46,382.0,2033.0,0.99,8.972408376963351,2053.5353535353534
25,2022-01-26,3486.98,390.0,2070.0,1.0,8.940974358974358,2070.0
26,2022-01-27,2469.58,322.0,1776.0,0.81,7.669503105590062,2192.5925925925926
27,2022-01-28,1814.09,221.0,1222.0,0.95,8.208552036199094,1286.3157894736842
28,2022-01-29,1714.06,152.0,748.0,0.97,11.276710526315789,771.1340206185567
29,2022-01-30,1621.82,147.0,768.0,0.99,11.032789115646258,775.7575757575758
30,2022-01-31,3789.7599999999998,397.0,2039.0,0.92,9.545994962216625,2216.304347826087
31,2022-02-01,4226.14,462.0,2458.0,1.02,9.147489177489177,2409.8039215686276
32,2022-02-02,10644.79,990.0,5656.0,1.28,10.752313131313132,4418.75
33,2022-02-03,10383.06,925.0,4924.0,1.23,11.224929729729729,4003.2520325203254
34,2022-02-04,10000.39,846.0,4551.0,1.32,11.82079196217494,3447.7272727272725
35,2022-02-05,9355.49,637.0,2684.0,1.33,14.686797488226059,2018.0451127819547
36,2022-02-06,9784.53,776.0,3465.0,1.3699999999999999,12.608930412371135,2529.197080291971
37,2022-02-07,9905.39,728.0,4275.0,1.46,13.606304945054944,2928.082191780822
38,2022-02-08,16191.59,1009.0,6122.0,1.67,16.047165510406344,3665.868263473054
39,2022-02-09,13042.33,939.0,5567.0,1.3900000000000001,13.889595314164005,4005.035971223021
40,2022-02-10,12957.09,968.0,5763.0,1.37,13.385423553719008,4206.569343065693
41,2022-02-11,12439.21,770.0,4416.0,1.33,16.154818181818182,3320.300751879699
42,2022-02-12,10669.07,545.0,3301.0,1.71,19.576275229357798,1930.4093567251462
43,2022-02-13,10311.689999999999,549.0,3477.0,1.8900000000000001,18.782677595628414,1839.6825396825395
44,2022-02-14,15755.699999999999,1112.0,6220.0,1.46,14.168794964028775,4260.273972602739
45,2022-02-15,14682.960000000001,1048.0,5707.0,1.35,14.010458015267176,4227.407407407407
46,2022-02-16,13318.5,945.0,5576.0,1.3599999999999999,14.093650793650793,4100.0
47,2022-02-17,13381.97,801.0,4488.0,1.25,16.706579275905117,3590.4
48,2022-02-18,12722.1,829.0,4805.0,1.3399999999999999,15.346320868516285,3585.8208955223886
49,2022-02-19,11674.24,673.0,3027.0,1.42,17.3465676077266,2131.6901408450703
50,2022-02-20,11683.55,607.0,2991.0,1.45,19.24802306425041,2062.7586206896553
51,2022-02-21,13026.37,721.0,4044.0,1.32,18.067087378640778,3063.6363636363635
52,2022-02-22,12687.25,768.0,4981.0,1.32,16.519856770833332,3773.4848484848485
53,2022-02-23,12615.11,756.0,4384.0,1.23,16.68665343915344,3564.227642276423
54,2022-02-24,12532.970000000001,681.0,4126.0,1.25,18.403773861967696,3300.8
55,2022-02-25,6115.92,377.0,2546.0,1.37,16.22259946949602,1858.3941605839414
56,2022-02-26,648.9,51.0,275.0,1.0,12.723529411764705,275.0
57,2022-02-27,479.91,37.0,369.0,1.0,12.970540540540542,369.0
58,2022-02-28,1927.25,172.0,954.0,1.0,11.204941860465116,954.0
59,2022-03-01,1300.75,137.0,961.0,1.0,9.494525547445255,961.0
60,2022-03-02,1541.56,153.0,856.0,1.0,10.075555555555555,856.0
61,2022-03-03,1395.3100000000002,230.0,1343.0,1.09,6.066565217391305,1232.1100917431193
62,2022-03-04,1366.44,451.0,2395.0,1.27,3.02980044345898,1885.8267716535433
63,2022-03-05,1099.8200000000002,443.0,2641.0,1.54,2.4826636568848763,1714.935064935065
64,2022-03-06,2335.25,707.0,3910.0,1.76,3.303041018387553,2221.590909090909
65,2022-03-07,5136.2,1091.0,7234.0,1.81,4.707791017415215,3996.685082872928
66,2022-03-08,6622.37,1178.0,8114.0,1.85,5.6217062818336165,4385.945945945946
67,2022-03-09,14048.16,1337.0,8989.0,1.9100000000000001,10.507225130890053,4706.282722513089
68,2022-03-10,19394.95,1372.0,8864.0,1.92,14.136260932944607,4616.666666666667
69,2022-03-11,18082.34,1129.0,6933.0,1.9100000000000001,16.016244464127546,3629.8429319371726
70,2022-03-12,13396.43,603.0,3781.0,1.92,22.216301824212273,1969.2708333333335
71,2022-03-13,15227.72,530.0,3409.0,1.95,28.731547169811318,1748.2051282051282
72,2022-03-14,24158.06,1459.0,7742.0,1.75,16.557957505140507,4424.0
73,2022-03-15,20589.41,1367.0,8273.0,1.75,15.061748354059985,4727.428571428572
74,2022-03-16,19960.390000000003,1432.0,7988.0,1.7,13.938819832402237,4698.823529411765
75,2022-03-17,20212.51,1396.0,7251.0,1.65,14.478875358166189,4394.545454545455
76,2022-03-18,16920.41,1134.0,6678.0,1.69,14.92099647266314,3951.4792899408285
77,2022-03-19,13670.93,895.0,3848.0,1.71,15.274782122905028,2250.2923976608186
78,2022-03-20,12156.24,700.0,3783.0,1.73,17.36605714285714,2186.7052023121387
79,2022-03-21,22112.41,1278.0,7017.0,1.63,17.30235524256651,4304.9079754601225
80,2022-03-22,19898.1,1284.0,7287.0,1.6,15.49696261682243,4554.375
81,2022-03-23,20396.14,1291.0,7320.0,1.67,15.798714175058095,4383.233532934132
82,2022-03-24,20215.13,1221.0,7050.0,1.63,16.556208026208026,4325.153374233129
83,2022-03-25,16697.69,1076.0,5955.0,1.63,15.518299256505575,3653.3742331288345
84,2022-03-26,11606.970000000001,556.0,2978.0,1.75,20.87584532374101,1701.7142857142858
85,2022-03-27,12008.49,531.0,2992.0,1.71,22.614858757062148,1749.7076023391812
86,2022-03-28,19156.94,1239.0,6337.0,1.6099999999999999,15.461614205004034,3936.024844720497
87,2022-03-29,7594.84,491.0,2788.0,1.39,15.468105906313646,2005.7553956834533
88,2022-03-30,4.72,8.0,202.0,0.74,0.59,272.97297297297297
89,2022-03-31,5.46,13.0,151.0,0.8200000000000001,0.42,184.14634146341461
90,2022-04-01,536.61,277.0,1391.0,0.76,1.9372202166064982,1830.2631578947369
91,2022-04-02,782.87,296.0,1625.0,1.04,2.644831081081081,1562.5
92,2022-04-03,2687.42,476.0,1949.0,1.33,5.645840336134454,1465.4135338345864
93,2022-04-04,6557.73,712.0,3970.0,1.23,9.210294943820225,3227.642276422764
94,2022-04-05,6107.56,586.0,3302.0,0.99,10.42245733788396,3335.3535353535353
95,2022-04-06,4845.57,491.0,2710.0,0.9400000000000001,9.868778004073318,2882.978723404255
96,2022-04-07,4249.28,410.0,2651.0,1.05,10.364097560975608,2524.7619047619046
97,2022-04-08,6293.29,625.0,3158.0,1.51,10.069264,2091.390728476821
98,2022-04-09,3859.92,322.0,1568.0,1.24,11.987329192546584,1264.516129032258
99,2022-04-10,3671.29,364.0,1666.0,1.4,10.085961538461538,1190.0
100,2022-04-11,17993.73,1328.0,7438.0,1.83,13.54949548192771,4064.4808743169397
101,2022-04-12,21231.29,1667.0,9608.0,1.87,12.73622675464907,5137.967914438503
102,2022-04-13,20511.03,1738.0,10060.0,1.87,11.80151323360184,5379.679144385026
103,2022-04-14,18709.41,1558.0,9579.0,1.9,12.008607188703467,5041.578947368422
104,2022-04-15,15845.11,1300.0,7480.0,1.92,12.188546153846154,3895.8333333333335
105,2022-04-16,10220.27,870.0,4659.0,1.91,11.747436781609196,2439.2670157068064
106,2022-04-17,8382.140000000001,701.0,4291.0,1.91,11.957403708987163,2246.5968586387435
107,2022-04-18,17163.43,1338.0,8410.0,1.9,12.827675635276533,4426.315789473684
108,2022-04-19,17302.05,1420.0,9371.0,1.92,12.184542253521126,4880.729166666667
109,2022-04-20,16926.11,1464.0,9334.0,1.92,11.561550546448087,4861.458333333334
110,2022-04-21,17177.8,1362.0,9071.0,1.94,12.612187958883993,4675.773195876289
111,2022-04-22,9920.03,758.0,5209.0,1.69,13.087110817941953,3082.2485207100594
112,2022-04-23,6527.61,511.0,2415.0,1.5,12.774187866927592,1610.0
113,2022-04-24,6219.63,549.0,2780.0,1.5699999999999998,11.329016393442624,1770.7006369426754
114,2022-04-25,9079.54,721.0,4487.0,1.32,12.592981969486825,3399.242424242424
115,2022-04-26,8746.880000000001,736.0,4449.0,1.24,11.884347826086957,3587.9032258064517
116,2022-04-27,8225.02,708.0,3841.0,1.18,11.61725988700565,3255.084745762712
117,2022-04-28,6319.9800000000005,640.0,3380.0,1.15,9.87496875,2939.130434782609
118,2022-04-29,8489.61,838.0,4381.0,1.38,10.130799522673032,3174.6376811594205
119,2022-04-30,2121.19,223.0,1040.0,1.0,9.512062780269058,1040.0
120,2022-05-01,8895.43,583.0,3458.0,1.33,15.25802744425386,2600.0
121,2022-05-02,10540.56,1115.0,7605.0,1.77,9.453417040358744,4296.610169491525
122,2022-05-03,10456.48,1260.0,8429.0,1.83,8.29879365079365,4606.0109289617485
123,2022-05-04,10309.150000000001,1214.0,8164.0,1.81,8.4918863261944,4510.49723756906
124,2022-05-05,10047.490000000002,1185.0,7557.0,1.81,8.478894514767934,4175.138121546961
125,2022-05-06,9531.27,1044.0,7054.0,1.8599999999999999,9.129568965517242,3792.4731182795704
126,2022-05-07,4826.41,488.0,3488.0,1.9100000000000001,9.890184426229508,1826.178010471204
127,2022-05-08,5475.160000000001,519.0,3246.0,1.8900000000000001,10.549441233140657,1717.4603174603174
128,2022-05-09,10114.5,1138.0,7770.0,1.8199999999999998,8.887961335676625,4269.2307692307695
129,2022-05-10,10264.560000000001,1473.0,9010.0,1.79,6.9684725050916505,5033.519553072626
130,2022-05-11,10020.6,1354.0,8887.0,1.87,7.400738552437224,4752.406417112299
131,2022-05-12,9877.72,1290.0,8352.0,1.8199999999999998,7.657147286821705,4589.01098901099
132,2022-05-13,8372.98,1181.0,7404.0,1.8599999999999999,7.08973751058425,3980.645161290323
133,2022-05-14,5495.24,704.0,3884.0,1.9,7.805738636363636,2044.2105263157896
134,2022-05-15,6162.620000000001,766.0,4173.0,1.8399999999999999,8.045195822454309,2267.934782608696
135,2022-05-16,10383.54,1081.0,7825.0,1.79,9.60549491211841,4371.508379888268
136,2022-05-17,10199.35,1105.0,8086.0,1.77,9.230180995475113,4568.3615819209035
137,2022-05-18,9917.56,1201.0,8628.0,1.88,8.257751873438801,4589.36170212766
138,2022-05-19,9294.550000000001,1226.0,8403.0,1.87,7.581199021207179,4493.582887700534
139,2022-05-20,9118.55,1114.0,7286.0,1.85,8.185412926391383,3938.3783783783783
140,2022-05-21,4969.21,544.0,3499.0,1.81,9.134577205882353,1933.1491712707182
141,2022-05-22,6866.06,542.0,3532.0,1.7799999999999998,12.668007380073801,1984.2696629213485
142,2022-05-23,10639.55,1062.0,7284.0,1.65,10.018408662900187,4414.545454545455
143,2022-05-24,10464.890000000001,1425.0,9117.0,1.75,7.343782456140352,5209.714285714285
144,2022-05-25,10372.13,1274.0,8504.0,1.78,8.141389324960754,4777.528089887641
145,2022-05-26,10072.02,1419.0,9201.0,1.78,7.097970401691332,5169.101123595506
146,2022-05-27,9269.21,800.0,5463.0,1.25,11.5865125,4370.4
147,2022-05-28,7764.509999999999,736.0,3884.0,1.34,10.54960597826087,2898.507462686567
148,2022-05-29,7400.29,593.0,3696.0,1.3199999999999998,12.479409780775716,2800.0000000000005
149,2022-05-30,10482.44,591.0,3980.0,1.7799999999999998,17.73678510998308,2235.9550561797755
150,2022-05-31,12570.41,1102.0,7382.0,1.49,11.406905626134302,4954.362416107382
151,2022-06-01,9283.050000000001,979.0,7469.0,1.65,9.482175689479062,4526.666666666667
152,2022-06-02,9051.04,1095.0,8217.0,1.75,8.265789954337901,4695.428571428572
153,2022-06-03,8802.380000000001,976.0,7078.0,1.68,9.018831967213115,4213.0952380952385
154,2022-06-04,5397.05,520.0,3619.0,1.7200000000000002,10.378942307692308,2104.06976744186
155,2022-06-05,5899.429999999999,538.0,4685.0,1.65,10.965483271375463,2839.3939393939395
156,2022-06-06,5171.7,548.0,3415.0,1.8399999999999999,9.437408759124088,1855.9782608695652
157,2022-06-07,10935.98,1610.0,10143.0,1.63,6.792534161490683,6222.699386503068
158,2022-06-08,11159.210000000001,1646.0,9219.0,1.54,6.779592952612394,5986.363636363636
159,2022-06-09,11090.800000000001,1539.0,8727.0,1.63,7.206497725795972,5353.98773006135
160,2022-06-10,10299.46,1410.0,7803.0,1.7200000000000002,7.304581560283688,4536.627906976743
161,2022-06-11,9388.9,1065.0,4701.0,1.63,8.815868544600939,2884.0490797546013
162,2022-06-12,9366.93,1017.0,4774.0,1.7,9.210353982300886,2808.2352941176473
163,2022-06-13,10910.71,1428.0,8131.0,1.73,7.640553221288515,4700.0
164,2022-06-14,11216.93,1438.0,8334.0,1.72,7.8003685674547985,4845.3488372093025
165,2022-06-15,10757.07,1409.0,8060.0,1.72,7.634542228530873,4686.046511627907
166,2022-06-16,10670.710000000001,1473.0,7797.0,1.66,7.244202308214529,4696.987951807229
167,2022-06-17,9582.73,1245.0,7025.0,1.71,7.6969718875502,4108.187134502924
168,2022-06-18,6319.13,726.0,3590.0,1.74,8.704035812672176,2063.2183908045977
169,2022-06-19,6473.5,648.0,3365.0,1.62,9.989969135802468,2077.1604938271603
170,2022-06-20,11385.93,1186.0,6428.0,1.69,9.600278246205734,3803.550295857988
171,2022-06-21,11282.740000000002,1287.0,7826.0,1.6400000000000001,8.766697746697748,4771.951219512195
172,2022-06-22,10861.17,1304.0,7553.0,1.62,8.32911809815951,4662.3456790123455
173,2022-06-23,10707.94,1369.0,7717.0,1.6099999999999999,7.82172388604821,4793.1677018633545
174,2022-06-24,9186.369999999999,1140.0,6299.0,1.58,8.058219298245612,3986.7088607594933
175,2022-06-25,6058.9,706.0,3314.0,1.48,8.58201133144476,2239.189189189189
176,2022-06-26,7976.84,713.0,3399.0,1.5899999999999999,11.187713884992988,2137.735849056604
177,2022-06-27,12457.300000000001,1176.0,6924.0,1.47,10.59294217687075,4710.2040816326535
178,2022-06-28,12149.55,1249.0,7793.0,1.47,9.727421937550039,5301.360544217687
179,2022-06-29,12187.68,1425.0,7638.0,1.4300000000000002,8.552757894736843,5341.258741258741
180,2022-06-30,11677.55,1376.0,7464.0,1.47,8.486591569767441,5077.551020408163
181,2022-07-01,9683.57,1087.0,5798.0,1.6,8.908528058877645,3623.75
182,2022-07-02,6580.68,643.0,3113.0,1.54,10.23433903576983,2021.4285714285713
183,2022-07-03,6818.99,611.0,2753.0,1.5299999999999998,11.160376432078559,1799.3464052287584
184,2022-07-04,7038.719999999999,617.0,3167.0,1.5699999999999998,11.407974068071312,2017.1974522292996
185,2022-07-05,10506.82,1178.0,6648.0,1.52,8.919202037351443,4373.684210526316
186,2022-07-06,10572.94,1302.0,7362.0,1.54,8.120537634408603,4780.519480519481
187,2022-07-07,10476.49,1489.0,8403.0,1.5,7.035923438549362,5602.0
188,2022-07-08,8846.9,1228.0,6672.0,1.54,7.2043159609120515,4332.467532467533
189,2022-07-09,6003.96,739.0,3463.0,1.44,8.124438430311232,2404.8611111111113
190,2022-07-10,7987.04,694.0,3300.0,1.3699999999999999,11.508703170028818,2408.7591240875913
191,2022-07-11,11532.0,905.0,5594.0,1.27,12.742541436464089,4404.724409448819
192,2022-07-12,10944.19,1109.0,6562.0,1.26,9.868521190261497,5207.936507936508
193,2022-07-13,10752.17,1221.0,7100.0,1.1,8.806036036036035,6454.545454545454
194,2022-07-14,13055.84,1412.0,7523.0,0.95,9.246345609065155,7918.947368421053
195,2022-07-15,11236.84,1269.0,6350.0,0.8600000000000001,8.854877856579984,7383.720930232557
196,2022-07-16,7481.5,778.0,3222.0,1.1099999999999999,9.616323907455012,2902.702702702703
197,2022-07-17,7658.17,762.0,3213.0,0.9400000000000001,10.05009186351706,3418.0851063829787
198,2022-07-18,12166.38,1332.0,7281.0,0.77,9.13391891891892,9455.844155844155
199,2022-07-19,16532.57,1470.0,7983.0,0.95,11.246646258503402,8403.157894736842
200,2022-07-20,10181.8,804.0,5053.0,0.74,12.663930348258706,6828.378378378378
201,2022-07-21,9448.320000000002,1148.0,6397.0,0.88,8.230243902439026,7269.318181818182
202,2022-07-22,9571.44,1160.0,5878.0,0.97,8.251241379310345,6059.79381443299
203,2022-07-23,9562.77,780.0,3330.0,0.95,12.259961538461539,3505.263157894737
204,2022-07-24,8023.1,615.0,3199.0,0.95,13.04569105691057,3367.3684210526317
205,2022-07-25,9489.630000000001,1133.0,6174.0,0.97,8.37566637246249,6364.948453608247
206,2022-07-26,9480.5,1272.0,6650.0,0.92,7.453223270440252,7228.260869565217
207,2022-07-27,9434.31,1222.0,6575.0,0.79,7.720384615384615,8322.784810126583
208,2022-07-28,9469.87,1324.0,6930.0,0.79,7.152469788519638,8772.151898734177
209,2022-07-29,7955.99,1094.0,5982.0,1.12,7.272385740402194,5341.071428571428
210,2022-07-30,5549.31,739.0,3227.0,1.11,7.509215155615697,2907.207207207207
211,2022-07-31,6274.22,742.0,3275.0,1.21,8.455822102425877,2706.6115702479337
212,2022-08-01,9488.789999999999,1066.0,6204.0,0.9,8.901303939962476,6893.333333333333
213,2022-08-02,9683.58,1155.0,7034.0,1.15,8.384051948051948,6116.521739130435
214,2022-08-03,9774.29,1347.0,7129.0,1.29,7.256340014847811,5526.356589147286
215,2022-08-04,9301.949999999999,1390.0,7408.0,1.1,6.69205035971223,6734.545454545454
216,2022-08-05,8088.52,1181.0,6023.0,1.16,6.84887383573243,5192.241379310345
217,2022-08-06,1526.6399999999999,309.0,1749.0,0.71,4.940582524271845,2463.380281690141
218,2022-08-07,4327.21,638.0,3098.0,0.86,6.782460815047022,3602.3255813953488
219,2022-08-08,15202.49,1119.0,6828.0,0.79,13.585781948168007,8643.037974683544
220,2022-08-09,10753.72,1117.0,6634.0,1.07,9.627323187108326,6200.0
221,2022-08-10,10055.77,1083.0,6398.0,0.96,9.285106186518929,6664.583333333334
222,2022-08-11,10165.65,1230.0,6558.0,1.07,8.264756097560975,6128.971962616822
223,2022-08-12,8617.76,1123.0,6065.0,1.07,7.673873552983081,5668.22429906542
224,2022-08-13,5224.45,660.0,3015.0,1.24,7.9158333333333335,2431.451612903226
225,2022-08-14,5992.4800000000005,677.0,3098.0,1.11,8.85152141802068,2790.9909909909907
226,2022-08-15,10580.630000000001,1054.0,6137.0,1.17,10.038548387096775,5245.2991452991455
227,2022-08-16,10564.08,1181.0,6787.0,1.23,8.945029635901777,5517.886178861789
228,2022-08-17,10533.99,1267.0,6820.0,1.25,8.314119968429361,5456.0
229,2022-08-18,10558.880000000001,1309.0,6958.0,1.29,8.066371275783041,5393.798449612403
230,2022-08-19,9356.039999999999,1215.0,6141.0,1.38,7.700444444444444,4450.0
231,2022-08-20,5419.82,675.0,2919.0,1.26,8.029362962962962,2316.6666666666665
232,2022-08-21,1297.6100000000001,348.0,1813.0,0.92,3.728764367816092,1970.6521739130435
233,2022-08-22,458.13,403.0,2761.0,0.9,1.1367990074441687,3067.777777777778
234,2022-08-23,933.3,576.0,3770.0,0.95,1.6203124999999998,3968.421052631579
235,2022-08-24,2474.89,903.0,5123.0,1.04,2.7407419712070875,4925.961538461538
236,2022-08-25,3397.61,1096.0,5494.0,1.13,3.1000091240875913,4861.946902654868
237,2022-08-26,15579.85,1242.0,6370.0,1.27,12.54416264090177,5015.748031496063
238,2022-08-27,9750.58,719.0,3122.0,1.37,13.561307371349097,2278.832116788321
239,2022-08-28,10158.84,694.0,3202.0,1.36,14.638097982708935,2354.411764705882
240,2022-08-29,22169.1,1349.0,7518.0,1.56,16.433728687916975,4819.2307692307695
241,2022-08-30,20502.37,1431.0,7895.0,1.52,14.327302585604471,5194.078947368421
242,2022-08-31,17407.579999999998,1490.0,8130.0,1.6099999999999999,11.682939597315436,5049.6894409937895
243,2022-09-01,18191.969999999998,1437.0,7507.0,1.6099999999999999,12.659686847599163,4662.732919254659
244,2022-09-02,15793.55,1228.0,6407.0,1.5299999999999998,12.861197068403909,4187.581699346406
245,2022-09-03,9472.1,678.0,3116.0,1.48,13.970648967551623,2105.4054054054054
246,2022-09-04,9900.55,649.0,2995.0,1.38,15.25508474576271,2170.289855072464
247,2022-09-05,10556.44,734.0,3619.0,1.38,14.382070844686648,2622.4637681159425
248,2022-09-06,16634.890000000003,1197.0,6615.0,1.57,13.89715121136174,4213.375796178344
249,2022-09-07,16663.47,1271.0,6855.0,1.3599999999999999,13.110519276160504,5040.441176470588
250,2022-09-08,15427.550000000001,1262.0,7144.0,1.51,12.224683042789223,4731.12582781457
251,2022-09-09,12975.08,1186.0,6654.0,1.53,10.940202360876897,4349.019607843137
252,2022-09-10,7230.34,709.0,3109.0,1.4300000000000002,10.197940761636108,2174.125874125874
253,2022-09-11,7056.06,696.0,3303.0,1.44,10.13801724137931,2293.75
254,2022-09-12,12228.8,1232.0,7311.0,1.6099999999999999,9.925974025974025,4540.9937888198765
255,2022-09-13,12822.91,1404.0,7220.0,1.44,9.13312678062678,5013.888888888889
256,2022-09-14,12468.779999999999,1382.0,7479.0,1.6,9.022272069464544,4674.375
257,2022-09-15,12313.72,1431.0,7395.0,1.56,8.604975541579314,4740.384615384615
258,2022-09-16,9769.3,1183.0,6485.0,1.6099999999999999,8.258072696534235,4027.9503105590065
259,2022-09-17,6122.650000000001,757.0,3279.0,1.62,8.088044914134743,2024.074074074074
260,2022-09-18,5922.429999999999,683.0,3239.0,1.58,8.671200585651537,2050.0
261,2022-09-19,10777.85,1444.0,7719.0,1.6400000000000001,7.463885041551247,4706.70731707317
262,2022-09-20,11879.79,1659.0,8284.0,1.6400000000000001,7.160813743218807,5051.219512195122
263,2022-09-21,12098.91,1664.0,8468.0,1.63,7.270979567307692,5195.0920245398775
264,2022-09-22,9550.779999999999,1406.0,6812.0,1.69,6.792873399715504,4030.769230769231
265,2022-09-23,9814.39,1426.0,7474.0,1.63,6.8824614305750345,4585.276073619632
266,2022-09-24,6870.16,951.0,4481.0,1.63,7.224143007360673,2749.0797546012273
267,2022-09-25,9390.949999999999,1293.0,5685.0,1.6,7.26291569992266,3553.125
268,2022-09-26,9061.93,1237.0,6956.0,1.58,7.3257316087308,4402.53164556962
269,2022-09-27,8826.929999999998,1245.0,7229.0,1.65,7.08990361445783,4381.212121212121
270,2022-09-28,9126.13,1287.0,7188.0,1.62,7.0910101010101005,4437.0370370370365
271,2022-09-29,9293.699999999999,1327.0,6609.0,1.65,7.003541823662395,4005.4545454545455
272,2022-09-30,7630.52,1022.0,5939.0,1.5699999999999998,7.4662622309197655,3782.802547770701
273,2022-10-01,5471.67,702.0,3180.0,1.62,7.7944017094017095,1962.9629629629628
274,2022-10-02,5459.719999999999,667.0,3078.0,1.6,8.185487256371813,1923.75
275,2022-10-03,10174.66,1379.0,7581.0,1.7,7.378288614938361,4459.411764705883
276,2022-10-04,12006.93,1623.0,8339.0,1.68,7.397985212569316,4963.690476190476
277,2022-10-05,10882.81,1522.0,7948.0,1.71,7.1503350854139285,4647.953216374269
278,2022-10-06,11677.529999999999,1668.0,8321.0,1.71,7.00091726618705,4866.081871345029
279,2022-10-07,9795.01,1389.0,7169.0,1.7,7.051843052555796,4217.058823529412
280,2022-10-08,6244.89,816.0,3641.0,1.56,7.6530514705882355,2333.974358974359
281,2022-10-09,8061.87,1011.0,4347.0,1.6,7.974154302670623,2716.875
282,2022-10-10,11474.08,1320.0,7365.0,1.68,8.692484848484849,4383.928571428572
283,2022-10-11,11846.59,1407.0,7482.0,1.63,8.419751243781095,4590.184049079755
284,2022-10-12,13443.07,1522.0,8488.0,1.67,8.832503285151116,5082.634730538923
285,2022-10-13,11989.609999999999,1447.0,8140.0,1.73,8.285839668279197,4705.202312138728
286,2022-10-14,10470.789999999999,1214.0,6585.0,1.7,8.625032948929158,3873.529411764706
287,2022-10-15,6480.96,690.0,3283.0,1.69,9.392695652173913,1942.603550295858
288,2022-10-16,10367.35,1071.0,4879.0,1.72,9.680065359477124,2836.6279069767443
289,2022-10-17,15579.61,1569.0,8187.0,1.5899999999999999,9.929643084767369,5149.056603773585
290,2022-10-18,17313.05,1842.0,9007.0,1.55,9.399049945711184,5810.967741935484
291,2022-10-19,17128.84,1849.0,8961.0,1.59,9.26383991346674,5635.8490566037735
292,2022-10-20,16159.17,1765.0,8685.0,1.6600000000000001,9.155337110481586,5231.9277108433735
293,2022-10-21,12815.92,1435.0,7275.0,1.55,8.930954703832752,4693.548387096774
294,2022-10-22,8094.67,926.0,3910.0,1.52,8.741544276457883,2572.3684210526317
295,2022-10-23,8563.44,989.0,4096.0,1.44,8.658685540950456,2844.4444444444443
296,2022-10-24,12488.57,1351.0,7496.0,1.4,9.243945225758697,5354.285714285715
297,2022-10-25,13891.369999999999,1497.0,7538.0,1.35,9.279472277889111,5583.7037037037035
298,2022-10-26,12800.29,1450.0,7816.0,1.5,8.827786206896553,5210.666666666667
299,2022-10-27,13761.869999999999,1614.0,8427.0,1.25,8.526561338289962,6741.6
300,2022-10-28,9614.31,1193.0,6399.0,1.28,8.058935456831517,4999.21875
301,2022-10-29,5072.830000000001,718.0,3114.0,1.37,7.065222841225628,2272.992700729927
302,2022-10-30,4971.849999999999,721.0,3257.0,1.3,6.895769764216365,2505.3846153846152
303,2022-10-31,9189.74,1424.0,6374.0,0.95,6.453469101123595,6709.473684210527
304,2022-11-01,8491.29,1371.0,7252.0,1.08,6.193501094091904,6714.814814814815
305,2022-11-02,5897.280000000001,947.0,5112.0,1.0,6.227328405491025,5112.0
306,2022-11-03,6166.12,967.0,4946.0,1.3199999999999998,6.37654601861427,3746.9696969696975
307,2022-11-04,11847.78,1543.0,7509.0,1.1199999999999999,7.678405703175632,6704.464285714286
308,2022-11-05,8233.52,888.0,3766.0,1.25,9.271981981981982,3012.8
309,2022-11-06,10624.55,1112.0,4564.0,1.31,9.55445143884892,3483.969465648855
310,2022-11-07,11633.46,1270.0,6851.0,1.15,9.160204724409448,5957.391304347827
311,2022-11-08,12685.96,1335.0,7383.0,1.1600000000000001,9.502591760299625,6364.655172413793
312,2022-11-09,14913.710000000001,1492.0,7722.0,1.28,9.99578418230563,6032.8125
313,2022-11-10,13301.509999999998,1377.0,7595.0,1.37,9.659774872912127,5543.795620437956
314,2022-11-11,12730.77,1249.0,6434.0,1.33,10.192770216172939,4837.593984962406
315,2022-11-12,6812.14,689.0,3206.0,1.5,9.886995645863571,2137.3333333333335
316,2022-11-13,7286.39,795.0,3818.0,1.6,9.165270440251573,2386.25
317,2022-11-14,16623.42,1750.0,8466.0,1.6400000000000001,9.499097142857142,5162.195121951219
318,2022-11-15,16581.02,1715.0,8789.0,1.62,9.668233236151604,5425.308641975308
319,2022-11-16,14402.31,1650.0,7907.0,1.7,8.728672727272727,4651.176470588235
320,2022-11-17,14550.34,1734.0,8859.0,1.71,8.391199538638984,5180.701754385965
321,2022-11-18,13891.740000000002,1718.0,8455.0,1.67,8.085995343422585,5062.874251497006
322,2022-11-19,6787.47,940.0,4098.0,1.6600000000000001,7.2207127659574475,2468.6746987951806
323,2022-11-20,6575.82,938.0,4090.0,1.65,7.01046908315565,2478.787878787879
324,2022-11-21,9700.49,1386.0,7275.0,1.62,6.998910533910534,4490.740740740741
325,2022-11-22,11311.16,1424.0,7539.0,1.7200000000000002,7.943230337078652,4383.13953488372
326,2022-11-23,9688.92,1219.0,6157.0,1.83,7.94825266611977,3364.4808743169397
327,2022-11-24,5344.7,637.0,3006.0,1.88,8.390423861852433,1598.936170212766
328,2022-11-25,7714.86,771.0,3731.0,1.88,10.006303501945524,1984.5744680851064
329,2022-11-26,7813.139999999999,684.0,3190.0,1.9100000000000001,11.422719298245614,1670.1570680628272
330,2022-11-27,9319.93,743.0,3601.0,1.8900000000000001,12.543647375504712,1905.2910052910051
331,2022-11-28,25436.120000000003,1870.0,8963.0,1.8399999999999999,13.602203208556151,4871.195652173913
332,2022-11-29,22210.93,1626.0,7909.0,1.37,13.659858548585486,5772.992700729927
333,2022-11-30,5203.8,412.0,2032.0,0.53,12.630582524271846,3833.962264150943
334,2022-12-01,20318.24,1355.0,6780.0,1.33,14.995011070110703,5097.744360902256
335,2022-12-02,11501.859999999999,840.0,3607.0,0.48,13.692690476190474,7514.583333333334
336,2022-12-03,641.49,60.0,309.0,0.67,10.6915,461.19402985074623
337,2022-12-04,9154.380000000001,840.0,3405.0,1.09,10.89807142857143,3123.853211009174
338,2022-12-05,17434.24,1526.0,8159.0,1.24,11.424796854521626,6579.8387096774195
339,2022-12-06,18608.8,1663.0,8813.0,1.31,11.189897775105232,6727.480916030534
340,2022-12-07,18845.14,1662.0,8626.0,1.25,11.338832731648615,6900.8
341,2022-12-08,14811.300000000001,1462.0,7639.0,1.26,10.130848153214774,6062.6984126984125
342,2022-12-09,14525.34,1475.0,7111.0,1.03,9.84768813559322,6903.883495145631
343,2022-12-10,1955.78,243.0,1119.0,0.59,8.048477366255144,1896.6101694915255
344,2022-12-11,8014.19,972.0,4047.0,1.16,8.245051440329219,3488.7931034482763
345,2022-12-12,9290.44,1323.0,6804.0,1.4300000000000002,7.022252456538172,4758.0419580419575
346,2022-12-13,11890.57,1700.0,10278.0,1.25,6.99445294117647,8222.4
347,2022-12-14,8513.77,1438.0,7857.0,0.98,5.920563282336579,8017.34693877551
348,2022-12-15,7320.179999999999,1184.0,6482.0,1.13,6.182584459459459,5736.283185840709
349,2022-12-16,7787.67,1062.0,5617.0,1.3599999999999999,7.333022598870056,4130.14705882353
350,2022-12-17,4919.26,637.0,2950.0,1.35,7.7225431711146,2185.185185185185
351,2022-12-18,6334.12,692.0,3014.0,1.42,9.153352601156069,2122.5352112676055
352,2022-12-19,11936.44,1148.0,6376.0,1.1099999999999999,10.397595818815331,5744.144144144145
353,2022-12-20,14228.949999999999,1289.0,6992.0,1.65,11.038750969743987,4237.575757575758
354,2022-12-21,16529.11,1286.0,7151.0,1.8599999999999999,12.853118195956455,3844.623655913979
355,2022-12-22,16258.61,1176.0,6621.0,1.8599999999999999,13.825348639455783,3559.677419354839
356,2022-12-23,13061.85,968.0,4848.0,1.88,13.493646694214876,2578.723404255319
357,2022-12-24,6836.82,498.0,2199.0,1.71,13.728554216867469,1285.9649122807018
358,2022-12-25,6746.54,509.0,1966.0,1.64,13.254499017681729,1198.780487804878
359,2022-12-26,10487.87,685.0,3046.0,1.68,15.310759124087593,1813.095238095238
360,2022-12-27,14329.41,1032.0,4913.0,1.53,13.885087209302325,3211.111111111111
361,2022-12-28,10970.19,864.0,4254.0,1.29,12.696979166666667,3297.6744186046512
362,2022-12-29,7520.66,880.0,3983.0,1.3,8.546204545454545,3063.846153846154
363,2022-12-30,4783.8099999999995,683.0,3234.0,1.44,7.00411420204978,2245.8333333333335
364,2022-12-31,315.57,57.0,357.0,1.12,5.536315789473684,318.74999999999994
365,2023-01-01,1018.39,172.0,1053.0,1.35,5.920872093023256,780.0
366,2023-01-02,2331.95,350.0,1938.0,1.37,6.662714285714285,1414.5985401459852
367,2023-01-03,3865.8,594.0,3550.0,1.41,6.508080808080808,2517.7304964539007
368,2023-01-04,5658.43,846.0,4520.0,1.46,6.688451536643027,3095.8904109589043
369,2023-01-05,6904.4,905.0,4876.0,1.49,7.629171270718231,3272.48322147651
370,2023-01-06,7252.3099999999995,894.0,4924.0,1.49,8.112203579418344,3304.6979865771814
371,2023-01-07,5922.26,550.0,2946.0,1.51,10.767745454545455,1950.9933774834437
372,2023-01-08,8935.09,808.0,3781.0,1.55,11.058279702970298,2439.3548387096776
373,2023-01-09,11879.19,1139.0,6212.0,1.52,10.429490781387182,4086.842105263158
374,2023-01-10,12890.779999999999,1302.0,6297.0,1.5,9.900752688172043,4198.0
375,2023-01-11,12669.9,1155.0,6603.0,1.52,10.96961038961039,4344.078947368421
376,2023-01-12,13088.650000000001,1200.0,6370.0,1.46,10.907208333333335,4363.013698630137
377,2023-01-13,10790.59,986.0,5438.0,1.51,10.943803245436106,3601.3245033112585
378,2023-01-14,9640.96,715.0,3717.0,1.63,13.48386013986014,2280.3680981595094
379,2023-01-15,9228.99,742.0,3690.0,1.65,12.43799191374663,2236.3636363636365
380,2023-01-16,11596.310000000001,811.0,4316.0,1.5699999999999998,14.298779284833541,2749.0445859872616
381,2023-01-17,11651.1,938.0,5791.0,1.5299999999999998,12.421215351812368,3784.9673202614385
382,2023-01-18,13426.35,1041.0,6240.0,1.5299999999999998,12.897550432276658,4078.43137254902
383,2023-01-19,13171.4,1186.0,6518.0,1.54,11.105733558178752,4232.467532467533
384,2023-01-20,11770.77,985.0,5588.0,1.5899999999999999,11.950020304568529,3514.465408805032
385,2023-01-21,9744.970000000001,612.0,3204.0,1.6800000000000002,15.923153594771243,1907.1428571428569
386,2023-01-22,9324.04,542.0,2970.0,1.63,17.203025830258305,1822.0858895705524
387,2023-01-23,17140.26,1258.0,6917.0,1.5699999999999998,13.625007949125594,4405.732484076433
388,2023-01-24,16456.350000000002,1335.0,7242.0,1.56,12.326853932584271,4642.307692307692
389,2023-01-25,18794.019999999997,1541.0,8149.0,1.58,12.19598961713173,5157.594936708861
390,2023-01-26,17576.03,1441.0,7924.0,1.62,12.19710617626648,4891.358024691358
391,2023-01-27,14764.060000000001,1514.0,7834.0,1.6,9.751690885072657,4896.25
392,2023-01-28,11331.23,970.0,4710.0,1.73,11.681680412371133,2722.543352601156
393,2023-01-29,13013.73,869.0,4316.0,1.6800000000000002,14.975523590333717,2569.047619047619
394,2023-01-30,14842.47,1381.0,6751.0,1.0899999999999999,10.747624909485879,6193.577981651377
395,2023-01-31,14416.11,1484.0,7550.0,1.46,9.714359838274934,5171.232876712329
396,2023-02-01,17055.74,1504.0,7227.0,1.52,11.34025265957447,4754.605263157895
397,2023-02-02,16119.99,1559.0,7555.0,1.53,10.339955099422706,4937.908496732026
398,2023-02-03,17833.76,1877.0,8478.0,1.58,9.501204049014383,5365.822784810126
399,2023-02-04,13479.75,1257.0,5523.0,1.77,10.723747016706444,3120.338983050847
400,2023-02-05,14583.970000000001,1174.0,4905.0,1.68,12.422461669505964,2919.6428571428573
401,2023-02-06,18199.21,1658.0,7798.0,1.48,10.976604342581423,5268.918918918919
402,2023-02-07,17390.02,1718.0,7483.0,1.42,10.122246798603028,5269.718309859155
403,2023-02-08,17161.96,1686.0,7310.0,1.42,10.179098457888493,5147.8873239436625
404,2023-02-09,16054.02,1710.0,7627.0,1.45,9.388315789473685,5260.0
405,2023-02-10,16331.56,1663.0,7176.0,1.45,9.820541190619362,4948.9655172413795
406,2023-02-11,12341.14,1185.0,4604.0,1.6,10.414464135021097,2877.5
407,2023-02-12,10025.73,1042.0,4269.0,1.6600000000000001,9.621621880998081,2571.6867469879517
408,2023-02-13,16514.56,1782.0,7721.0,1.4900000000000002,9.267429854096521,5181.879194630872
409,2023-02-14,13242.17,1513.0,6472.0,1.2,8.75226040978189,5393.333333333334
410,2023-02-15,13016.14,1580.0,6505.0,1.17,8.23806329113924,5559.8290598290605
411,2023-02-16,13721.34,1666.0,7197.0,1.25,8.23609843937575,5757.6
412,2023-02-17,11813.58,1618.0,6560.0,1.25,7.301347342398023,5248.0
413,2023-02-18,8950.14,1298.0,4931.0,1.35,6.8953312788906,3652.592592592592
414,2023-02-19,8028.889999999999,1241.0,4716.0,1.4,6.469693795326349,3368.571428571429
415,2023-02-20,9273.58,1643.0,6371.0,1.27,5.644297017650639,5016.535433070866
416,2023-02-21,8787.94,1718.0,7203.0,1.3199999999999998,5.115215366705471,5456.818181818183
417,2023-02-22,8548.43,1709.0,7090.0,1.27,5.002007021650088,5582.677165354331
418,2023-02-23,6655.69,1610.0,7324.0,1.24,4.1339689440993785,5906.451612903225
419,2023-02-24,5732.07,1360.0,6309.0,1.29,4.214757352941176,4890.697674418605
420,2023-02-25,4249.04,1061.0,4092.0,1.3399999999999999,4.0047502356267675,3053.731343283582
421,2023-02-26,3621.2,921.0,3572.0,1.28,3.9318132464712265,2790.625
422,2023-02-27,5436.09,1442.0,6177.0,1.22,3.7698266296809986,5063.114754098361
423,2023-02-28,4878.79,1424.0,6310.0,1.26,3.426116573033708,5007.936507936508
424,2023-03-01,6352.889999999999,1462.0,7370.0,1.4700000000000002,4.345341997264022,5013.60544217687
425,2023-03-02,7022.57,1680.0,7656.0,1.46,4.18010119047619,5243.835616438357
426,2023-03-03,5282.139999999999,1394.0,6676.0,1.48,3.7891965566714485,4510.810810810811
427,2023-03-04,3401.4000000000005,876.0,3707.0,1.6099999999999999,3.882876712328768,2302.4844720496894
428,2023-03-05,2894.67,858.0,3731.0,1.63,3.373741258741259,2288.9570552147243
429,2023-03-06,4652.51,1447.0,6820.0,1.54,3.2152798894263994,4428.571428571428
430,2023-03-07,5677.46,1596.0,7112.0,1.56,3.5573057644110277,4558.974358974358
431,2023-03-08,5901.14,1696.0,7598.0,1.6099999999999999,3.4794457547169815,4719.2546583850935
432,2023-03-09,7888.64,1881.0,8142.0,1.6400000000000001,4.193854332801702,4964.634146341463
433,2023-03-10,7181.59,1531.0,7082.0,1.68,4.69078380143697,4215.476190476191
434,2023-03-11,6110.23,1168.0,4647.0,1.77,5.231361301369863,2625.423728813559
435,2023-03-12,5913.16,963.0,4022.0,1.76,6.140353063343717,2285.2272727272725
436,2023-03-13,12378.0,1714.0,8408.0,1.74,7.221703617269545,4832.183908045977
437,2023-03-14,14634.59,1952.0,9687.0,1.78,7.497228483606557,5442.134831460674
438,2023-03-15,14884.62,1914.0,9149.0,1.74,7.776708463949844,5258.045977011494
439,2023-03-16,15664.56,1911.0,9028.0,1.76,8.197048665620095,5129.545454545455
440,2023-03-17,14714.48,1609.0,7836.0,1.7999999999999998,9.145108763206961,4353.333333333334
441,2023-03-18,10415.609999999999,1031.0,4781.0,1.87,10.102434529582927,2556.6844919786095
442,2023-03-19,10858.6,1009.0,4924.0,1.83,10.761744301288404,2690.710382513661
443,2023-03-20,15657.800000000001,1563.0,8791.0,1.7400000000000002,10.017786308381318,5052.298850574712
444,2023-03-21,19251.99,1668.0,9132.0,1.77,11.541960431654678,5159.322033898305
445,2023-03-22,20813.28,2001.0,10185.0,1.7799999999999998,10.401439280359819,5721.910112359551
446,2023-03-23,20790.079999999998,2066.0,10723.0,1.76,10.06296224588577,6092.613636363636
447,2023-03-24,20466.62,1860.0,9451.0,1.81,11.003559139784945,5221.546961325967
448,2023-03-25,13069.740000000002,1292.0,5220.0,1.87,10.115897832817339,2791.4438502673797
449,2023-03-26,10871.77,1167.0,4968.0,1.85,9.315998286203943,2685.4054054054054
450,2023-03-27,16986.86,2044.0,9831.0,1.74,8.31059686888454,5650.0
451,2023-03-28,18615.92,2151.0,10211.0,1.6800000000000002,8.654542073454207,6077.97619047619
452,2023-03-29,14247.470000000001,1390.0,6702.0,1.24,10.249978417266188,5404.8387096774195
453,2023-03-30,13727.06,1778.0,8059.0,1.5,7.7205061867266584,5372.666666666667
454,2023-03-31,2096.9700000000003,191.0,932.0,1.13,10.978900523560212,824.778761061947
455,2023-04-01,9092.81,1214.0,4922.0,1.68,7.48995881383855,2929.761904761905
456,2023-04-02,10657.189999999999,1412.0,5824.0,1.78,7.547584985835693,3271.9101123595506
457,2023-04-03,15419.49,1940.0,9002.0,1.62,7.9481907216494845,5556.79012345679
458,2023-04-04,15432.81,1983.0,9626.0,1.65,7.782556732223903,5833.939393939394
459,2023-04-05,16502.9,2147.0,9658.0,1.68,7.686492780624127,5748.809523809524
460,2023-04-06,15570.88,2152.0,9689.0,1.65,7.235539033457249,5872.121212121212
461,2023-04-07,12844.75,1817.0,8417.0,1.72,7.069207484865163,4893.604651162791
462,2023-04-08,8284.17,1293.0,5302.0,1.79,6.406937354988399,2962.0111731843576
463,2023-04-09,9212.529999999999,1388.0,5560.0,1.78,6.637269452449567,3123.5955056179773
464,2023-04-10,12023.49,1855.0,8609.0,1.64,6.48166576819407,5249.39024390244
465,2023-04-11,12470.4,1896.0,8913.0,1.5699999999999998,6.577215189873417,5677.070063694268
466,2023-04-12,11820.41,1930.0,9271.0,1.6,6.124564766839378,5794.375
467,2023-04-13,11965.81,1852.0,9370.0,1.62,6.461020518358531,5783.95061728395
468,2023-04-14,9819.58,1643.0,7625.0,1.53,5.97661594643944,4983.660130718954
469,2023-04-15,5929.72,1005.0,4187.0,1.71,5.900218905472637,2448.5380116959063
470,2023-04-16,6448.26,1232.0,5661.0,1.73,5.233977272727273,3272.2543352601156
471,2023-04-17,12444.76,2392.0,11926.0,1.67,5.2026588628762545,7141.317365269461
472,2023-04-18,12278.21,2277.0,10819.0,1.69,5.392274923144488,6401.775147928995
473,2023-04-19,12560.93,2399.0,11178.0,1.68,5.235902459358066,6653.571428571428
474,2023-04-20,10938.119999999999,2133.0,9351.0,1.6600000000000001,5.128045007032348,5633.1325301204815
475,2023-04-21,10464.08,1820.0,8187.0,1.64,5.749494505494505,4992.073170731707
476,2023-04-22,7167.99,1351.0,5481.0,1.71,5.305692079940784,3205.263157894737
477,2023-04-23,7035.23,1326.0,5213.0,1.66,5.305603318250377,3140.3614457831327
478,2023-04-24,9454.92,1757.0,8148.0,1.57,5.381286283437678,5189.808917197452
479,2023-04-25,9179.84,1669.0,8049.0,1.6099999999999999,5.500203714799281,4999.378881987578
480,2023-04-26,10241.84,1816.0,8789.0,1.61,5.639779735682819,5459.0062111801235
481,2023-04-27,10313.67,1806.0,8456.0,1.61,5.71078073089701,5252.173913043478
482,2023-04-28,9799.17,1561.0,7222.0,1.6400000000000001,6.277495195387572,4403.658536585365
483,2023-04-29,5793.04,952.0,3968.0,1.73,6.085126050420168,2293.64161849711
484,2023-04-30,6605.16,979.0,4118.0,1.75,6.746843718079673,2353.1428571428573
485,2023-05-01,11180.14,1343.0,6948.0,1.39,8.324750558451228,4998.561151079137
486,2023-05-02,11288.15,1889.0,9260.0,1.5899999999999999,5.97572789835892,5823.899371069183
487,2023-05-03,7303.5,1621.0,7840.0,1.47,4.505552128315855,5333.333333333333
488,2023-05-04,12647.49,1774.0,8524.0,1.58,7.129363021420518,5394.93670886076
489,2023-05-05,11594.57,1704.0,7981.0,1.63,6.804325117370892,4896.319018404908
490,2023-05-06,7738.070000000001,1194.0,4624.0,1.79,6.480795644891122,2583.240223463687
491,2023-05-07,8146.1900000000005,1330.0,5114.0,1.79,6.1249548872180455,2856.983240223464
492,2023-05-08,11950.93,1521.0,7781.0,1.5699999999999998,7.857284681130835,4956.0509554140135
493,2023-05-09,11933.490000000002,1772.0,8544.0,1.6400000000000001,6.734475169300227,5209.756097560975
494,2023-05-10,10539.01,1717.0,8423.0,1.64,6.138037274315667,5135.975609756098
495,2023-05-11,11293.89,1761.0,8578.0,1.7,6.413339011925042,5045.882352941177
496,2023-05-12,10343.0,1511.0,7065.0,1.71,6.845135671740569,4131.578947368421
497,2023-05-13,7520.719999999999,1003.0,3993.0,1.81,7.498225324027915,2206.0773480662983
498,2023-05-14,6346.73,890.0,3658.0,1.7999999999999998,7.131157303370786,2032.2222222222224
499,2023-05-15,11559.61,1489.0,7200.0,1.58,7.763337810611149,4556.962025316456
500,2023-05-16,12035.3,1756.0,8277.0,1.55,6.85381548974943,5340.0
501,2023-05-17,12343.8,1834.0,8921.0,1.5899999999999999,6.730534351145038,5610.691823899371
502,2023-05-18,12504.06,2029.0,9543.0,1.63,6.16267126663381,5854.601226993866
503,2023-05-19,10800.82,1706.0,7842.0,1.63,6.331078546307151,4811.042944785277
504,2023-05-20,7343.12,1235.0,4906.0,1.75,5.945846153846154,2803.4285714285716
505,2023-05-21,7373.9800000000005,1030.0,4292.0,1.77,7.159203883495146,2424.8587570621467
506,2023-05-22,13611.75,1493.0,7544.0,1.56,9.117046215673142,4835.897435897436
507,2023-05-23,11764.36,1432.0,7573.0,1.53,8.215335195530727,4949.673202614379
508,2023-05-24,11934.460000000001,1643.0,8239.0,1.53,7.263822276323799,5384.967320261438
509,2023-05-25,11314.57,1586.0,7737.0,1.56,7.134029003783102,4959.615384615385
510,2023-05-26,11225.05,1508.0,6996.0,1.69,7.443667108753315,4139.644970414201
511,2023-05-27,6809.78,897.0,3693.0,1.7799999999999998,7.591727982162764,2074.719101123596
512,2023-05-28,7490.1,867.0,3330.0,1.79,8.639100346020761,1860.3351955307262
513,2023-05-29,13171.560000000001,1274.0,4572.0,1.71,10.33874411302983,2673.684210526316
514,2023-05-30,14147.37,1653.0,8236.0,1.58,8.558602540834846,5212.658227848101
515,2023-05-31,12904.86,1761.0,8229.0,1.38,7.328143100511074,5963.04347826087
516,2023-06-01,12308.48,1821.0,8522.0,1.67,6.759187259747391,5102.994011976049
517,2023-06-02,12210.92,1679.0,8353.0,1.71,7.272733770101251,4884.795321637427
518,2023-06-03,9696.36,1395.0,5884.0,1.83,6.950795698924732,3215.3005464480875
519,2023-06-04,10535.15,1449.0,5970.0,1.8599999999999999,7.270634920634921,3209.677419354839
520,2023-06-05,11666.14,1530.0,7795.0,1.65,7.624928104575163,4724.242424242425
521,2023-06-06,12296.539999999999,1872.0,9896.0,1.62,6.568664529914529,6108.641975308641
522,2023-06-07,12197.47,1842.0,9434.0,1.67,6.62186210640608,5649.101796407186
523,2023-06-08,11893.53,1730.0,8781.0,1.6800000000000002,6.874872832369943,5226.785714285714
524,2023-06-09,9561.7,1448.0,7640.0,1.74,6.603383977900553,4390.80459770115
525,2023-06-10,6609.75,990.0,4269.0,1.8399999999999999,6.676515151515152,2320.108695652174
526,2023-06-11,6696.51,914.0,4226.0,1.85,7.326597374179431,2284.324324324324
527,2023-06-12,11265.08,1600.0,8349.0,1.65,7.040675,5060.0
528,2023-06-13,11346.69,1719.0,8472.0,1.65,6.600750436300175,5134.545454545455
529,2023-06-14,11587.28,1873.0,9018.0,1.63,6.1864815803523765,5532.515337423313
530,2023-06-15,11575.060000000001,1982.0,9378.0,1.6600000000000001,5.840090817356207,5649.3975903614455
531,2023-06-16,11825.66,1834.0,8936.0,1.73,6.448015267175572,5165.317919075144
532,2023-06-17,6767.400000000001,973.0,4745.0,1.7999999999999998,6.955190133607401,2636.1111111111113
533,2023-06-18,8226.28,1104.0,5032.0,1.8199999999999998,7.451340579710146,2764.835164835165
534,2023-06-19,11520.84,1364.0,7153.0,1.6400000000000001,8.446363636363637,4361.585365853658
535,2023-06-20,11829.039999999999,1613.0,8457.0,1.6600000000000001,7.333564786112833,5094.578313253011
536,2023-06-21,11864.37,1690.0,8502.0,1.65,7.020337278106509,5152.727272727273
537,2023-06-22,12443.07,1641.0,8430.0,1.6400000000000001,7.582614259597806,5140.243902439024
538,2023-06-23,11740.6,1480.0,7693.0,1.7200000000000002,7.932837837837838,4472.674418604651
539,2023-06-24,7815.68,930.0,4537.0,1.85,8.403956989247312,2452.4324324324325
540,2023-06-25,7696.25,815.0,4098.0,1.8399999999999999,9.443251533742332,2227.1739130434785
541,2023-06-26,16951.36,1526.0,8099.0,1.54,11.108361730013106,5259.090909090909
542,2023-06-27,14194.210000000001,1577.0,8666.0,1.6099999999999999,9.000767279644895,5382.608695652174
543,2023-06-28,12472.04,1726.0,8377.0,1.67,7.225979142526072,5016.167664670659
544,2023-06-29,11000.529999999999,1666.0,8045.0,1.65,6.602959183673469,4875.757575757576
545,2023-06-30,8755.77,1422.0,7098.0,1.63,6.157362869198312,4354.601226993866
546,2023-07-01,6813.44,952.0,4607.0,1.83,7.156974789915966,2517.486338797814
547,2023-07-02,5806.79,705.0,4008.0,1.83,8.236581560283687,2190.1639344262294
548,2023-07-03,11711.060000000001,1080.0,6299.0,1.71,10.843574074074075,3683.625730994152
549,2023-07-04,9034.34,808.0,4091.0,1.85,11.18111386138614,2211.3513513513512
550,2023-07-05,12019.259999999998,1266.0,7312.0,1.69,9.493886255924169,4326.627218934911
551,2023-07-06,12691.68,1450.0,8122.0,1.6,8.75288275862069,5076.25
552,2023-07-07,12379.949999999999,1361.0,7680.0,1.73,9.096216017634092,4439.306358381503
553,2023-07-08,8860.04,939.0,4499.0,1.8599999999999999,9.435612353567626,2418.8172043010754
554,2023-07-09,8493.039999999999,838.0,4317.0,1.85,10.13489260143198,2333.5135135135133
555,2023-07-10,12924.400000000001,1557.0,8002.0,1.5899999999999999,8.30083493898523,5032.704402515724
556,2023-07-11,12642.33,1727.0,8792.0,1.6,7.320399536768964,5495.0
557,2023-07-12,12246.07,1733.0,8847.0,1.63,7.066399307559146,5427.607361963191
558,2023-07-13,12624.16,1760.0,8955.0,1.62,7.172818181818181,5527.777777777777
559,2023-07-14,11339.49,1625.0,8720.0,1.72,6.978147692307692,5069.767441860466
560,2023-07-15,7612.25,1052.0,5096.0,1.8399999999999999,7.235979087452471,2769.5652173913045
561,2023-07-16,9120.3,1176.0,5365.0,1.85,7.755357142857142,2900.0
562,2023-07-17,12239.09,1587.0,8331.0,1.6800000000000002,7.712091997479521,4958.928571428571
563,2023-07-18,12178.210000000001,1663.0,8662.0,1.7,7.323036680697535,5095.294117647059
564,2023-07-19,12952.49,1746.0,8501.0,1.68,7.4183791523482245,5060.119047619048
565,2023-07-20,12429.289999999999,1560.0,7934.0,1.6,7.967493589743589,4958.75
566,2023-07-21,11774.929999999998,1468.0,7414.0,1.75,8.021069482288826,4236.571428571428
567,2023-07-22,6397.05,818.0,3886.0,1.85,7.820354523227384,2100.5405405405404
568,2023-07-23,6723.98,813.0,4017.0,1.85,8.270578105781057,2171.3513513513512
569,2023-07-24,16769.52,1654.0,8631.0,1.6800000000000002,10.138766626360338,5137.499999999999
570,2023-07-25,12251.880000000001,1497.0,7947.0,1.56,8.184288577154309,5094.2307692307695
571,2023-07-26,11523.560000000001,1547.0,8256.0,1.59,7.4489722042663224,5192.452830188679
572,2023-07-27,11129.14,1651.0,8377.0,1.6600000000000001,6.740847970926711,5046.385542168674
573,2023-07-28,10618.62,1627.0,7913.0,1.74,6.526502765826676,4547.701149425287
574,2023-07-29,8450.76,1168.0,4721.0,1.81,7.235239726027397,2608.2872928176794
575,2023-07-30,11292.66,1194.0,5174.0,1.8399999999999999,9.457839195979899,2811.9565217391305
576,2023-07-31,10394.880000000001,1386.0,7171.0,1.28,7.499913419913421,5602.34375
577,2023-08-01,10080.759999999998,1581.0,8528.0,1.51,6.376192283364958,5647.682119205298
578,2023-08-02,10708.57,1592.0,8063.0,1.6099999999999999,6.726488693467337,5008.074534161491
579,2023-08-03,10768.43,1706.0,8761.0,1.71,6.312092614302462,5123.391812865497
580,2023-08-04,10381.91,1525.0,7722.0,1.76,6.807809836065574,4387.5
581,2023-08-05,5778.25,868.0,3834.0,1.8199999999999998,6.656970046082949,2106.5934065934066
582,2023-08-06,6126.71,904.0,4150.0,1.83,6.77733407079646,2267.75956284153
583,2023-08-07,10608.25,1550.0,7852.0,1.67,6.844032258064516,4701.796407185629
584,2023-08-08,10644.810000000001,1804.0,8730.0,1.68,5.900670731707318,5196.428571428572
585,2023-08-09,10164.59,1723.0,8080.0,1.6400000000000001,5.899355774811376,4926.829268292682
586,2023-08-10,10707.53,1899.0,8901.0,1.69,5.638509741969458,5266.863905325444
587,2023-08-11,10196.91,1624.0,7537.0,1.71,6.278885467980295,4407.602339181287
588,2023-08-12,5506.07,890.0,4230.0,1.75,6.186595505617977,2417.1428571428573
589,2023-08-13,9574.45,1082.0,4856.0,1.8399999999999999,8.84884473197782,2639.130434782609
590,2023-08-14,12469.96,1490.0,7428.0,1.6,8.36910067114094,4642.5
591,2023-08-15,12447.95,1638.0,7688.0,1.63,7.599481074481075,4716.564417177914
592,2023-08-16,12085.060000000001,1589.0,7818.0,1.65,7.605449968533669,4738.181818181818
593,2023-08-17,12423.2,1665.0,7955.0,1.6600000000000001,7.461381381381382,4792.168674698794
594,2023-08-18,10937.449999999999,1586.0,7444.0,1.73,6.89624842370744,4302.890173410405
595,2023-08-19,6373.18,893.0,3823.0,1.81,7.136819708846585,2112.1546961325967
596,2023-08-20,10278.91,963.0,3880.0,1.8399999999999999,10.673842159916926,2108.695652173913
597,2023-08-21,12509.29,1560.0,7530.0,1.68,8.018775641025641,4482.142857142857
598,2023-08-22,13888.09,1671.0,8157.0,1.65,8.311244763614603,4943.636363636364
599,2023-08-23,13124.36,1704.0,8159.0,1.68,7.702089201877935,4856.547619047619
600,2023-08-24,13237.91,1722.0,8017.0,1.7,7.687520325203252,4715.882352941177
601,2023-08-25,12316.56,1466.0,7236.0,1.74,8.401473396998636,4158.620689655172
602,2023-08-26,7673.8,935.0,3950.0,1.8399999999999999,8.207272727272727,2146.739130434783
603,2023-08-27,6596.84,809.0,3887.0,1.8,8.154313967861558,2159.4444444444443
604,2023-08-28,19405.2,1692.0,8240.0,1.7200000000000002,11.468794326241134,4790.697674418604
605,2023-08-29,15561.84,1499.0,7657.0,1.56,10.381480987324883,4908.333333333333
606,2023-08-30,13779.880000000001,1469.0,6931.0,1.4,9.380449285228046,4950.714285714286
607,2023-08-31,11109.15,1476.0,6995.0,1.5,7.526524390243902,4663.333333333333
608,2023-09-01,11753.91,1395.0,6696.0,1.7,8.42574193548387,3938.823529411765
609,2023-09-02,7068.360000000001,837.0,3846.0,1.83,8.444874551971328,2101.639344262295
610,2023-09-03,6805.16,804.0,3811.0,1.83,8.464129353233831,2082.5136612021856
611,2023-09-04,11565.640000000001,1121.0,4907.0,1.7,10.317252453166816,2886.470588235294
612,2023-09-05,12523.13,1566.0,7829.0,1.59,7.996890166028097,4923.899371069182
613,2023-09-06,12795.939999999999,1665.0,8332.0,1.56,7.685249249249249,5341.025641025641
614,2023-09-07,12735.88,1773.0,8924.0,1.63,7.183237450648618,5474.8466257668715
615,2023-09-08,12315.02,1750.0,8477.0,1.73,7.037154285714286,4900.0
616,2023-09-09,7540.04,1074.0,4934.0,1.81,7.020521415270019,2725.966850828729
617,2023-09-10,7261.77,1022.0,4882.0,1.8,7.105450097847359,2712.222222222222
618,2023-09-11,12327.11,1511.0,8099.0,1.68,8.158246194573131,4820.833333333334
619,2023-09-12,12543.519999999999,1666.0,8622.0,1.66,7.529123649459783,5193.975903614458
620,2023-09-13,12699.779999999999,1649.0,8399.0,1.6,7.701503941782898,5249.375
621,2023-09-14,12920.3,1689.0,8170.0,1.6099999999999999,7.649674363528715,5074.534161490684
622,2023-09-15,11945.24,1468.0,7327.0,1.7,8.13708446866485,4310.0
623,2023-09-16,6317.2699999999995,853.0,3873.0,1.8399999999999999,7.405943728018757,2104.8913043478265
624,2023-09-17,9517.0,899.0,4055.0,1.8599999999999999,10.586206896551724,2180.107526881721
625,2023-09-18,14389.13,1619.0,8520.0,1.62,8.887665225447806,5259.259259259259
626,2023-09-19,13005.54,1719.0,8341.0,1.59,7.5657591623036655,5245.911949685535
627,2023-09-20,12074.439999999999,1708.0,8654.0,1.6099999999999999,7.069344262295081,5375.155279503106
628,2023-09-21,11919.32,1773.0,8587.0,1.63,6.722684715172025,5268.098159509203
629,2023-09-22,12390.72,1775.0,8143.0,1.6,6.980687323943662,5089.375
630,2023-09-23,8591.64,1217.0,5308.0,1.81,7.059687756778964,2932.5966850828727
631,2023-09-24,8772.04,1174.0,5212.0,1.79,7.471925042589438,2911.731843575419
632,2023-09-25,12097.02,1482.0,7502.0,1.5499999999999998,8.16263157894737,4840.000000000001
633,2023-09-26,12209.880000000001,1547.0,7278.0,1.42,7.89261797026503,5125.352112676057
634,2023-09-27,11642.25,1549.0,7655.0,1.49,7.515978050355068,5137.58389261745
635,2023-09-28,11493.06,1559.0,7540.0,1.55,7.3720718409236685,4864.516129032258
636,2023-09-29,9460.2,1374.0,6808.0,1.67,6.885152838427948,4076.6467065868264
637,2023-09-30,5070.349999999999,775.0,3734.0,1.6600000000000001,6.542387096774193,2249.3975903614455
638,2023-10-01,9237.95,794.0,3926.0,1.77,11.634697732997482,2218.0790960451977
639,2023-10-02,10152.6,1369.0,7198.0,1.5699999999999998,7.4160701241782325,4584.713375796179
640,2023-10-03,10581.62,1597.0,8214.0,1.6099999999999999,6.625936130244209,5101.8633540372675
641,2023-10-04,9708.17,1613.0,8135.0,1.6,6.0187042777433355,5084.375
642,2023-10-05,9482.84,1696.0,8391.0,1.5699999999999998,5.5912971698113205,5344.585987261147
643,2023-10-06,8572.61,1611.0,7778.0,1.63,5.3212973308504035,4771.7791411042945
644,2023-10-07,5227.0199999999995,943.0,4591.0,1.75,5.542969247083775,2623.4285714285716
645,2023-10-08,5672.35,915.0,4845.0,1.73,6.199289617486339,2800.578034682081
646,2023-10-09,12378.12,1331.0,7196.0,1.58,9.299864763335838,4554.430379746836
647,2023-10-10,10918.880000000001,1438.0,7571.0,1.55,7.593101529902643,4884.516129032258
648,2023-10-11,11249.27,1377.0,7736.0,1.56,8.169404502541758,4958.974358974358
649,2023-10-12,9973.0,1286.0,7604.0,1.62,7.755054432348367,4693.827160493827
650,2023-10-13,9409.460000000001,1191.0,7149.0,1.7,7.90047019311503,4205.294117647059
651,2023-10-14,6328.110000000001,714.0,3891.0,1.76,8.862899159663867,2210.7954545454545
652,2023-10-15,7495.02,785.0,4086.0,1.76,9.54779617834395,2321.590909090909
653,2023-10-16,11423.29,1573.0,8517.0,1.6,7.262104259376987,5323.125
654,2023-10-17,11385.44,1563.0,8770.0,1.56,7.284350607805503,5621.794871794872
655,2023-10-18,12087.169999999998,1596.0,8693.0,1.5899999999999999,7.573414786967417,5467.295597484277
656,2023-10-19,12332.85,1528.0,8433.0,1.63,8.071236910994765,5173.619631901841
657,2023-10-20,11714.73,1477.0,8195.0,1.67,7.931435341909276,4907.185628742515
658,2023-10-21,7738.65,955.0,4819.0,1.76,8.103298429319372,2738.068181818182
659,2023-10-22,8830.44,1101.0,5997.0,1.74,8.020381471389646,3446.551724137931
660,2023-10-23,15223.09,1449.0,8335.0,1.6400000000000001,10.50592822636301,5082.317073170731
661,2023-10-24,15144.71,1520.0,8184.0,1.5699999999999998,9.963624999999999,5212.738853503185
662,2023-10-25,14348.92,1538.0,8509.0,1.58,9.32959687906372,5385.443037974684
663,2023-10-26,14400.35,1499.0,8047.0,1.55,9.60663775850567,5191.612903225806
664,2023-10-27,13232.400000000001,1344.0,7161.0,1.21,9.845535714285715,5918.181818181818
665,2023-10-28,8192.86,805.0,3952.0,1.75,10.177465838509317,2258.285714285714
666,2023-10-29,12220.65,840.0,4164.0,1.83,14.548392857142856,2275.4098360655735
667,2023-10-30,14534.86,1450.0,7811.0,1.53,10.024041379310345,5105.228758169935
668,2023-10-31,13745.02,1578.0,7815.0,1.4100000000000001,8.71040557667934,5542.553191489361
669,2023-11-01,13153.06,1573.0,8167.0,1.4,8.361767323585505,5833.571428571429
670,2023-11-02,12570.32,1603.0,8231.0,1.3900000000000001,7.84174672489083,5921.582733812949
671,2023-11-03,12330.970000000001,1490.0,7450.0,1.46,8.275818791946309,5102.739726027397
672,2023-11-04,7465.02,911.0,4649.0,1.7,8.194313940724479,2734.7058823529414
673,2023-11-05,8093.900000000001,1027.0,4994.0,1.76,7.881110029211295,2837.5
674,2023-11-06,12633.23,1437.0,7604.0,1.5699999999999998,8.791391788448156,4843.3121019108285
675,2023-11-07,12961.35,1656.0,8511.0,1.5899999999999999,7.8269021739130435,5352.830188679246
676,2023-11-08,12470.380000000001,1548.0,7940.0,1.56,8.055801033591733,5089.74358974359
677,2023-11-09,12487.44,1543.0,8250.0,1.6099999999999999,8.09296176279974,5124.223602484472
678,2023-11-10,11539.76,1346.0,7094.0,1.69,8.573372956909362,4197.633136094675
679,2023-11-11,7144.55,862.0,4129.0,1.76,8.288341067285383,2346.0227272727275
680,2023-11-12,8014.6900000000005,868.0,4484.0,1.77,9.233513824884794,2533.3333333333335
681,2023-11-13,12545.23,1405.0,7488.0,1.47,8.928989323843416,5093.877551020409
682,2023-11-14,12996.75,1546.0,7830.0,1.5,8.406694695989652,5220.0
683,2023-11-15,12219.23,1572.0,8228.0,1.51,7.773047073791348,5449.0066225165565
684,2023-11-16,12816.54,1571.0,8332.0,1.5,8.158204964990453,5554.666666666667
685,2023-11-17,12513.18,1519.0,7774.0,1.55,8.237774851876235,5015.4838709677415
686,2023-11-18,8404.17,1019.0,5018.0,1.79,8.247468105986261,2803.3519553072624
687,2023-11-19,8296.85,958.0,4945.0,1.78,8.660594989561586,2778.0898876404494
688,2023-11-20,11501.14,1326.0,7507.0,1.63,8.673559577677224,4605.521472392638
689,2023-11-21,11586.140000000001,1431.0,7533.0,1.6400000000000001,8.09653389238295,4593.292682926829
690,2023-11-22,9317.72,1151.0,6696.0,1.69,8.095325803649,3962.130177514793
691,2023-11-23,5149.21,578.0,3386.0,1.77,8.908667820069205,1912.9943502824858
692,2023-11-24,9475.060000000001,803.0,4485.0,1.7999999999999998,11.799576587795768,2491.666666666667
693,2023-11-25,8364.51,662.0,3687.0,1.8399999999999999,12.635211480362537,2003.8043478260872
694,2023-11-26,11803.779999999999,1451.0,6397.0,1.74,8.134927636113025,3676.4367816091954
695,2023-11-27,13890.71,1540.0,7756.0,1.63,9.019941558441557,4758.2822085889575
696,2023-11-28,13795.21,1739.0,8453.0,1.6099999999999999,7.932840713053478,5250.310559006211
697,2023-11-29,13008.89,1852.0,8559.0,1.58,7.024238660907127,5417.088607594937
698,2023-11-30,10771.31,1799.0,8636.0,1.53,5.987387437465258,5644.444444444444
699,2023-12-01,6711.55,1465.0,6284.0,1.47,4.581262798634812,4274.829931972789
700,2023-12-02,4778.24,1009.0,4654.0,1.68,4.7356194251734385,2770.2380952380954
701,2023-12-03,6033.02,1124.0,4575.0,1.72,5.367455516014235,2659.883720930233
702,2023-12-04,17814.08,1808.0,9122.0,1.75,9.852920353982302,5212.571428571428
703,2023-12-05,19820.36,1937.0,9554.0,1.71,10.23250387196696,5587.1345029239765
704,2023-12-06,26785.25,1864.0,9615.0,1.72,14.36976931330472,5590.116279069767
705,2023-12-07,22686.260000000002,1881.0,9273.0,1.69,12.060744284954813,5486.9822485207105
706,2023-12-08,21156.24,1650.0,8247.0,1.71,12.821963636363638,4822.80701754386
707,2023-12-09,13955.93,1018.0,4433.0,1.83,13.709165029469549,2422.404371584699
708,2023-12-10,13780.35,1003.0,4592.0,1.8599999999999999,13.73913260219342,2468.8172043010754
709,2023-12-11,24004.61,1823.0,9111.0,1.57,13.167641250685683,5803.184713375796
710,2023-12-12,23641.22,1868.0,9225.0,1.56,12.655899357601713,5913.461538461538
711,2023-12-13,23493.91,1816.0,9243.0,1.59,12.93717511013216,5813.207547169811
712,2023-12-14,23592.09,2203.0,10664.0,1.49,10.709073990013618,7157.046979865772
713,2023-12-15,19890.81,1863.0,8935.0,1.54,10.676763285024155,5801.948051948052
714,2023-12-16,13409.94,1252.0,5037.0,1.69,10.710814696485624,2980.4733727810653
715,2023-12-17,16925.76,1456.0,5937.0,1.81,11.624835164835163,3280.110497237569
716,2023-12-18,7027.58,1339.0,5694.0,1.3599999999999999,5.2483793876026885,4186.764705882353
717,2023-12-19,6302.2,1341.0,5759.0,1.4300000000000002,4.699627143922446,4027.272727272727
718,2023-12-20,6011.85,1295.0,5621.0,1.3900000000000001,4.642355212355213,4043.8848920863306
719,2023-12-21,5667.07,1286.0,5787.0,1.5099999999999998,4.406741835147745,3832.450331125828
720,2023-12-22,4995.450000000001,1105.0,5067.0,1.52,4.520769230769232,3333.5526315789475
721,2023-12-23,3190.82,762.0,3072.0,1.46,4.18742782152231,2104.109589041096
722,2023-12-24,2946.92,612.0,2526.0,1.6,4.815228758169935,1578.75
723,2023-12-25,2450.26,528.0,2431.0,1.55,4.640643939393939,1568.3870967741934
724,2023-12-26,3251.5,882.0,4441.0,1.51,3.6865079365079363,2941.0596026490066
725,2023-12-27,8158.1900000000005,1397.0,6175.0,1.6099999999999999,5.8397924123120974,3835.403726708075
726,2023-12-28,8637.439999999999,1479.0,6202.0,1.58,5.840054090601757,3925.3164556962024
727,2023-12-29,7615.849999999999,1331.0,5799.0,1.6600000000000001,5.721900826446281,3493.3734939759033
728,2023-12-30,5181.91,897.0,3843.0,1.75,5.776934225195094,2196.0
729,2023-12-31,6218.71,806.0,3415.0,1.79,7.715521091811414,1907.8212290502793
730,2024-01-01,12371.73,936.0,4097.0,1.75,13.217660256410255,2341.1428571428573
731,2024-01-02,18249.37,1379.0,7000.0,1.59,13.233770848440898,4402.51572327044
732,2024-01-03,18120.36,1641.0,7724.0,1.6,11.042266910420476,4827.5
733,2024-01-04,18068.579999999998,1684.0,8339.0,1.6099999999999999,10.729560570071257,5179.503105590063
734,2024-01-05,17475.96,1545.0,7338.0,1.56,11.311300970873786,4703.846153846153
735,2024-01-06,12334.52,1130.0,4221.0,1.81,10.915504424778762,2332.0441988950274
736,2024-01-07,13269.2,1132.0,4435.0,1.81,11.721908127208481,2450.2762430939224
737,2024-01-08,17588.91,1957.0,8119.0,1.6,8.987690342360755,5074.375
738,2024-01-09,17568.31,1801.0,7888.0,1.53,9.754752915047197,5155.555555555556
739,2024-01-10,17482.8,1970.0,8684.0,1.52,8.874517766497462,5713.157894736842
740,2024-01-11,17459.98,2094.0,8902.0,1.56,8.338099331423113,5706.410256410256
741,2024-01-12,17246.58,2218.0,8127.0,1.53,7.775734896302977,5311.764705882353
742,2024-01-13,11638.57,1527.0,5245.0,1.8399999999999999,7.6218533071381795,2850.54347826087
743,2024-01-14,12474.72,1424.0,5207.0,1.8399999999999999,8.760337078651684,2829.8913043478265
744,2024-01-15,17457.99,1690.0,7052.0,1.77,10.330171597633138,3984.1807909604518
745,2024-01-16,17424.87,2059.0,9119.0,1.67,8.462782904322486,5460.479041916168
746,2024-01-17,45704.28999999999,2749.0,12127.0,1.6600000000000001,16.625787559112403,7305.421686746988
747,2024-01-18,50895.99,2944.0,13686.0,1.92,17.28804008152174,7128.125
748,2024-01-19,35915.0,2073.0,9658.0,1.92,17.3251326579836,5030.208333333334
749,2024-01-20,18987.31,1276.0,4038.0,1.37,14.880336990595612,2947.4452554744526
750,2024-01-21,17988.010000000002,1221.0,3945.0,1.3399999999999999,14.732194922194925,2944.029850746269
751,2024-01-22,30109.57,1519.0,7282.0,1.5,19.82196840026333,4854.666666666667
752,2024-01-23,15834.109999999999,1077.0,4092.0,0.93,14.702051996285979,4400.0
753,2024-01-24,16255.66,1294.0,4712.0,1.03,12.562333848531685,4574.757281553398
754,2024-01-25,15169.02,1179.0,4532.0,1.07,12.866005089058525,4235.514018691589
755,2024-01-26,14483.19,1131.0,4529.0,1.1099999999999999,12.805649867374006,4080.1801801801807
756,2024-01-27,13972.06,841.0,2680.0,1.0899999999999999,16.613626634958383,2458.7155963302757
757,2024-01-28,14170.27,764.0,2551.0,1.1199999999999999,18.54747382198953,2277.6785714285716
758,2024-01-29,14182.06,956.0,4028.0,0.9,14.83479079497908,4475.555555555556
759,2024-01-30,13398.65,940.0,3877.0,0.91,14.253882978723404,4260.43956043956
760,2024-01-31,12470.5,859.0,3750.0,0.89,14.517462165308498,4213.483146067416
761,2024-02-01,32183.4,1994.0,8393.0,1.19,16.14012036108325,7052.941176470588
762,2024-02-02,24213.25,1388.0,6004.0,1.3199999999999998,17.444704610951007,4548.484848484849
763,2024-02-03,20422.64,1177.0,3839.0,1.21,17.35143585386576,3172.727272727273
764,2024-02-04,21677.03,1322.0,4309.0,1.23,16.3971482602118,3503.2520325203254
765,2024-02-05,25706.4,1780.0,6762.0,1.21,14.44179775280899,5588.429752066116
766,2024-02-06,25604.87,1859.0,7162.0,1.21,13.773464228079613,5919.00826446281
767,2024-02-07,22174.73,1648.0,6274.0,1.17,13.45554004854369,5362.393162393163
768,2024-02-08,20974.04,1701.0,6453.0,1.19,12.330417401528512,5422.689075630253
769,2024-02-09,17982.8,1480.0,5968.0,1.23,12.15054054054054,4852.032520325203
770,2024-02-10,14833.07,1120.0,3843.0,1.31,13.243812499999999,2933.5877862595416
771,2024-02-11,13747.560000000001,913.0,3206.0,1.31,15.057568455640746,2447.328244274809
772,2024-02-12,18114.05,1436.0,5435.0,1.19,12.614240947075208,4567.226890756303
773,2024-02-13,18725.29,1629.0,5941.0,1.19,11.494960098219767,4992.436974789916
774,2024-02-14,17246.86,1577.0,5607.0,1.2,10.936499682942296,4672.5
775,2024-02-15,18780.219999999998,1818.0,6079.0,1.21,10.330154015401538,5023.966942148761
776,2024-02-16,15863.73,1633.0,6187.0,1.19,9.714470300061237,5199.1596638655465
777,2024-02-17,7190.7300000000005,1188.0,4130.0,1.71,6.052803030303031,2415.2046783625733
778,2024-02-18,7258.88,1383.0,4846.0,1.72,5.248647866955893,2817.4418604651164
779,2024-02-19,10097.279999999999,1935.0,6906.0,1.54,5.218232558139534,4484.415584415584
780,2024-02-20,9903.52,2047.0,7548.0,1.5699999999999998,4.838065461651197,4807.643312101912
781,2024-02-21,9777.52,1904.0,7592.0,1.51,5.1352521008403365,5027.814569536424
782,2024-02-22,9789.73,1858.0,7445.0,1.54,5.268961248654467,4834.415584415584
783,2024-02-23,9176.05,1756.0,7289.0,1.62,5.225541002277904,4499.382716049382
784,2024-02-24,7353.080000000001,1333.0,4658.0,1.72,5.5161890472618165,2708.139534883721
785,2024-02-25,7199.46,1318.0,4646.0,1.71,5.462412746585736,2716.9590643274855
786,2024-02-26,10146.69,1903.0,7296.0,1.52,5.331944298476091,4800.0
787,2024-02-27,10006.48,1937.0,7603.0,1.52,5.165967991739803,5001.973684210527
788,2024-02-28,19153.89,2439.0,9444.0,1.52,7.853173431734317,6213.157894736842
789,2024-02-29,23238.39,2600.0,10065.0,1.5299999999999998,8.937842307692307,6578.43137254902
790,2024-03-01,16387.510000000002,1327.0,6106.0,0.9199999999999999,12.349291635267523,6636.956521739131
791,2024-03-02,14634.75,1462.0,4938.0,1.6,10.010088919288645,3086.25
792,2024-03-03,14686.83,1465.0,5117.0,1.73,10.025139931740615,2957.8034682080925
793,2024-03-04,15976.73,2024.0,8185.0,1.65,7.893641304347826,4960.606060606061
794,2024-03-05,16573.4,2219.0,8743.0,1.62,7.468859846777828,5396.913580246914
795,2024-03-06,16220.87,2060.0,8310.0,1.5,7.874208737864078,5540.0
796,2024-03-07,16182.68,2122.0,8367.0,1.41,7.626145146088596,5934.04255319149
797,2024-03-08,14838.689999999999,1928.0,7349.0,1.45,7.696415975103734,5068.275862068966
798,2024-03-09,9736.32,1204.0,4683.0,1.58,8.086644518272426,2963.924050632911
799,2024-03-10,10009.82,1114.0,4263.0,1.7400000000000002,8.985475763016158,2449.9999999999995
800,2024-03-11,18146.1,1594.0,7091.0,1.46,11.384002509410287,4856.8493150684935
801,2024-03-12,17184.33,1967.0,8711.0,1.49,8.736314184036605,5846.3087248322145
802,2024-03-13,16804.21,2261.0,8840.0,1.51,7.43220256523662,5854.304635761589
803,2024-03-14,16769.09,2284.0,9044.0,1.6400000000000001,7.3419833625218915,5514.634146341463
804,2024-03-15,16144.05,2279.0,8296.0,1.71,7.0838306274681875,4851.461988304094
805,2024-03-16,9756.24,1420.0,4710.0,1.73,6.870591549295774,2722.543352601156
806,2024-03-17,10064.89,1420.0,4873.0,1.7200000000000002,7.087950704225352,2833.1395348837204
807,2024-03-18,20486.2,2113.0,9095.0,1.72,9.695314718409843,5287.790697674419
808,2024-03-19,17492.91,1988.0,8718.0,1.66,8.799250503018108,5251.807228915663
809,2024-03-20,16267.24,2081.0,8488.0,1.66,7.817030273906775,5113.253012048193
810,2024-03-21,16185.26,2151.0,8735.0,1.67,7.524528126452813,5230.538922155689
811,2024-03-22,13936.52,1880.0,7671.0,1.69,7.41304255319149,4539.05325443787
812,2024-03-23,9794.14,1249.0,4449.0,1.7599999999999998,7.841585268214571,2527.8409090909095
813,2024-03-24,15571.13,1336.0,5150.0,1.8399999999999999,11.6550374251497,2798.913043478261
814,2024-03-25,16489.190000000002,1983.0,7889.0,1.5699999999999998,8.31527483610691,5024.84076433121
815,2024-03-26,17157.600000000002,2091.0,8516.0,1.62,8.205451936872311,5256.79012345679
816,2024-03-27,16239.8,2158.0,8915.0,1.62,7.525393883225208,5503.086419753086
817,2024-03-28,16483.3,2376.0,9193.0,1.65,6.937415824915824,5571.515151515152
818,2024-03-29,12016.55,1784.0,6804.0,1.6600000000000001,6.735734304932735,4098.795180722891
819,2024-03-30,9944.199999999999,1320.0,4519.0,1.7000000000000002,7.533484848484847,2658.235294117647
820,2024-03-31,10001.41,1113.0,4316.0,1.74,8.985992812219227,2480.4597701149423
821,2024-04-01,13243.050000000001,1493.0,6661.0,1.3599999999999999,8.870093770931012,4897.7941176470595
822,2024-04-02,13721.960000000001,1878.0,7741.0,1.58,7.306687965921193,4899.367088607594
823,2024-04-03,14267.98,1986.0,8095.0,1.6400000000000001,7.184279959718026,4935.975609756098
824,2024-04-04,13848.9,2007.0,8025.0,1.6099999999999999,6.900298953662182,4984.4720496894415
825,2024-04-05,11307.539999999999,1699.0,6847.0,1.62,6.655409064155385,4226.543209876543
826,2024-04-06,7939.39,1129.0,4415.0,1.71,7.032232063773251,2581.87134502924
827,2024-04-07,8838.82,1080.0,4284.0,1.74,8.184092592592592,2462.0689655172414
828,2024-04-08,14404.68,1765.0,7223.0,1.6099999999999999,8.16129178470255,4486.335403726708
829,2024-04-09,16294.240000000002,2148.0,8304.0,1.55,7.585772811918064,5357.419354838709
830,2024-04-10,14957.62,2082.0,8058.0,1.54,7.184255523535063,5232.467532467533
831,2024-04-11,14765.08,1993.0,7848.0,1.38,7.408469643753136,5686.956521739131
832,2024-04-12,13176.12,2029.0,7421.0,1.6,6.493898472153771,4638.125
833,2024-04-13,9283.55,1447.0,5103.0,1.77,6.415722183828611,2883.0508474576272
834,2024-04-14,11082.01,1482.0,5029.0,1.76,7.477739541160594,2857.3863636363635
835,2024-04-15,14202.35,1794.0,7574.0,1.6099999999999999,7.916583054626533,4704.347826086957
836,2024-04-16,15381.039999999999,1911.0,8019.0,1.63,8.048686551543694,4919.631901840491
837,2024-04-17,14524.939999999999,2026.0,8486.0,1.6400000000000001,7.169269496544915,5174.390243902439
838,2024-04-18,14674.91,2038.0,8333.0,1.63,7.200642787046124,5112.269938650307
839,2024-04-19,12912.94,1861.0,7147.0,1.6400000000000001,6.938710370768405,4357.926829268293
840,2024-04-20,8269.49,1155.0,4155.0,1.73,7.159731601731601,2401.734104046243
841,2024-04-21,8420.449999999999,1069.0,3922.0,1.7,7.876941066417212,2307.0588235294117
842,2024-04-22,15819.449999999999,2028.0,7905.0,1.54,7.80051775147929,5133.116883116883
843,2024-04-23,15294.2,2335.0,9486.0,1.58,6.549978586723769,6003.79746835443
844,2024-04-24,15021.91,2428.0,9848.0,1.66,6.186948105436573,5932.530120481928
845,2024-04-25,14620.29,2452.0,9714.0,1.56,5.962597879282219,6226.923076923077
846,2024-04-26,12319.29,2101.0,8383.0,1.61,5.863536411232746,5206.8322981366455
847,2024-04-27,11458.67,1840.0,5770.0,1.6400000000000001,6.227538043478261,3518.292682926829
848,2024-04-28,11084.06,1680.0,5265.0,1.71,6.597654761904762,3078.9473684210525
849,2024-04-29,14371.279999999999,2058.0,8348.0,1.65,6.98312925170068,5059.39393939394
850,2024-04-30,16907.61,2167.0,8531.0,1.68,7.802311952007384,5077.976190476191
851,2024-05-01,15962.71,2020.0,7940.0,1.6600000000000001,7.902331683168317,4783.1325301204815
852,2024-05-02,15159.320000000002,1968.0,7845.0,1.62,7.702906504065042,4842.592592592592
853,2024-05-03,12900.07,1781.0,6766.0,1.6600000000000001,7.243161145423919,4075.903614457831
854,2024-05-04,8250.99,1058.0,3724.0,1.72,7.798667296786389,2165.1162790697676
855,2024-05-05,11548.519999999999,1212.0,4164.0,1.75,9.528481848184818,2379.4285714285716
856,2024-05-06,14832.42,1896.0,7469.0,1.56,7.823006329113924,4787.820512820513
857,2024-05-07,14932.61,1871.0,7501.0,1.56,7.981084981293426,4808.333333333333
858,2024-05-08,14991.14,2227.0,7925.0,1.51,6.731540188594521,5248.3443708609275
859,2024-05-09,14991.73,2153.0,7774.0,1.54,6.963181607059917,5048.051948051948
860,2024-05-10,13619.67,2019.0,7468.0,1.6400000000000001,6.745750371471026,4553.658536585365
861,2024-05-11,10525.66,1534.0,4663.0,1.75,6.861577574967406,2664.5714285714284
862,2024-05-12,10003.24,1453.0,4654.0,1.75,6.88454232622161,2659.4285714285716
863,2024-05-13,13769.240000000002,1841.0,7307.0,1.63,7.479217816404129,4482.822085889571
864,2024-05-14,14410.19,1926.0,7755.0,1.6099999999999999,7.48192627206646,4816.770186335404
865,2024-05-15,14470.699999999999,2069.0,8186.0,1.6400000000000001,6.994055099081682,4991.463414634146
866,2024-05-16,14960.04,2023.0,7696.0,1.63,7.394977755808206,4721.4723926380375
867,2024-05-17,11939.47,1685.0,6432.0,1.6600000000000001,7.08573887240356,3874.6987951807228
868,2024-05-18,8128.99,1103.0,3721.0,1.74,7.369891205802357,2138.5057471264367
869,2024-05-19,10060.08,1086.0,4077.0,1.74,9.26342541436464,2343.103448275862
870,2024-05-20,15654.66,1781.0,7305.0,1.5699999999999998,8.789814710836609,4652.866242038217
871,2024-05-21,15429.16,2077.0,7986.0,1.6,7.428579682233991,4991.25
872,2024-05-22,15904.390000000001,2158.0,8170.0,1.6,7.369967562557925,5106.25
873,2024-05-23,15796.960000000001,2099.0,7819.0,1.51,7.525945688423059,5178.145695364238
874,2024-05-24,13093.98,1915.0,6762.0,1.6,6.837587467362924,4226.25
875,2024-05-25,8971.24,1286.0,4210.0,1.72,6.976080870917574,2447.6744186046512
876,2024-05-26,9235.87,1267.0,4204.0,1.73,7.289558011049724,2430.057803468208
877,2024-05-27,8820.2,1074.0,3934.0,1.71,8.212476722532589,2300.5847953216376
878,2024-05-28,16364.99,1615.0,7060.0,1.5499999999999998,10.133120743034056,4554.8387096774195
879,2024-05-29,17264.81,1899.0,8200.0,1.61,9.091527119536599,5093.167701863354
880,2024-05-30,16503.0,1916.0,8369.0,1.57,8.613256784968685,5330.573248407643
881,2024-05-31,12201.09,1576.0,7079.0,1.6,7.741808375634518,4424.375
882,2024-06-01,8207.32,965.0,3883.0,1.3,8.504994818652849,2986.9230769230767
883,2024-06-02,10639.82,1181.0,4953.0,1.58,9.009161727349703,3134.8101265822784
884,2024-06-03,14041.8,1977.0,8299.0,1.5,7.10257966616085,5532.666666666667
885,2024-06-04,15163.460000000001,2041.0,8098.0,1.58,7.4294267515923575,5125.316455696202
886,2024-06-05,16143.74,2089.0,8138.0,1.49,7.727975107707037,5461.744966442953
887,2024-06-06,15907.630000000001,2082.0,8210.0,1.49,7.640552353506244,5510.067114093959
888,2024-06-07,14511.37,1871.0,6833.0,1.4,7.755943345804383,4880.714285714286
889,2024-06-08,12218.5,1580.0,5103.0,1.73,7.733227848101266,2949.7109826589594
890,2024-06-09,13189.17,1651.0,5104.0,1.76,7.9885947910357356,2900.0
891,2024-06-10,14959.38,1882.0,7165.0,1.6099999999999999,7.9486609989373,4450.310559006211
892,2024-06-11,16462.61,2089.0,8248.0,1.65,7.8806175203446625,4998.787878787879
893,2024-06-12,15019.62,2001.0,7879.0,1.63,7.506056971514243,4833.742331288344
894,2024-06-13,14139.14,1892.0,7543.0,1.63,7.473118393234672,4627.607361963191
895,2024-06-14,12432.67,1791.0,6688.0,1.56,6.941747627024009,4287.179487179487
896,2024-06-15,7776.41,1061.0,3594.0,1.73,7.329321394910462,2077.456647398844
897,2024-06-16,7818.61,978.0,3581.0,1.73,7.9944887525562365,2069.942196531792
898,2024-06-17,15311.44,1891.0,7239.0,1.55,8.097006874669487,4670.322580645161
899,2024-06-18,14454.08,2215.0,8096.0,1.5299999999999998,6.5255440180586906,5291.503267973857
900,2024-06-19,13889.33,2247.0,7567.0,1.62,6.181277258566978,4670.9876543209875
901,2024-06-20,13835.13,2174.0,7965.0,1.6099999999999999,6.363905243790248,4947.2049689441
902,2024-06-21,12470.07,1997.0,7214.0,1.62,6.244401602403605,4453.086419753086
903,2024-06-22,8744.09,1363.0,4422.0,1.72,6.415326485693324,2570.93023255814
904,2024-06-23,11849.320000000002,1405.0,4811.0,1.7999999999999998,8.433679715302492,2672.777777777778
905,2024-06-24,16419.14,1855.0,7871.0,1.65,8.851288409703503,4770.303030303031
906,2024-06-25,17027.44,1917.0,8375.0,1.6400000000000001,8.882336984872195,5106.70731707317
907,2024-06-26,17301.2,2015.0,8251.0,1.5899999999999999,8.58620347394541,5189.30817610063
908,2024-06-27,15535.74,1904.0,8383.0,1.6400000000000001,8.15952731092437,5111.585365853658
909,2024-06-28,10934.65,1525.0,6255.0,1.6099999999999999,7.170262295081967,3885.093167701864
910,2024-06-29,6502.85,901.0,3396.0,1.73,7.217369589345172,1963.0057803468208
911,2024-06-30,7698.31,917.0,3716.0,1.77,8.395103598691385,2099.4350282485875
