,DATE,IMPRESSIONS,CLICKS,SPEND,SEARCH_IMPRESSION_SHARE,CPC,ELLIGIBLE IMPRESSIONS
0,2022-01-01,174.0,26.0,356.86,0.5735,2.050919540229885,303.4001743679163
1,2022-01-02,174.0,14.0,321.8,0.8540000000000001,1.849425287356322,203.7470725995316
2,2022-01-03,665.0,102.0,900.48,0.8212,1.3541052631578947,809.7905504140282
3,2022-01-04,649.0,104.0,912.57,0.7356,1.4061171032357473,882.2729744426318
4,2022-01-05,742.0,138.0,1367.08,0.8007,1.8424258760107817,926.6891469963782
5,2022-01-06,697.0,125.0,1388.9900000000002,0.9006000000000001,1.9928120516499286,773.9284921163668
6,2022-01-07,743.0,131.0,1412.4899999999998,0.9520000000000001,1.9010632570659485,780.4621848739495
7,2022-01-08,341.0,59.0,699.51,0.9684,2.051348973607038,352.12722015695994
8,2022-01-09,350.0,56.0,660.4699999999999,0.9678,1.8870571428571425,361.64496796858856
9,2022-01-10,820.0,133.0,1279.33,0.7890999999999999,1.5601585365853659,1039.1585350399191
10,2022-01-11,846.0,137.0,1384.44,0.6231,1.63645390070922,1357.7274915743862
11,2022-01-12,818.0,132.0,1251.76,0.6978,1.5302689486552568,1172.2556606477501
12,2022-01-13,678.0,137.0,1327.63,0.7026,1.958156342182891,964.9871904355252
13,2022-01-14,616.0,86.0,812.41,0.8601000000000001,1.3188474025974026,716.1957911870712
14,2022-01-15,203.0,29.0,280.83,0.9718000000000001,1.383399014778325,208.8907182547849
15,2022-01-16,179.0,34.0,468.22,0.9601000000000001,2.615754189944134,186.43891261326945
16,2022-01-17,616.0,103.0,1086.2,0.773,1.7633116883116884,796.895213454075
17,2022-01-18,911.0,164.0,1832.6699999999998,0.7159,2.011712403951701,1272.5240955440704
18,2022-01-19,868.0,135.0,1296.5900000000001,0.7620999999999999,1.493767281105991,1138.958141976119
19,2022-01-20,941.0,171.0,1396.88,0.7064,1.4844633368756643,1332.106455266138
20,2022-01-21,830.0,119.0,1127.1000000000001,0.7295999999999999,1.3579518072289158,1137.6096491228072
21,2022-01-22,362.0,61.0,661.62,0.8955,1.8276795580110496,404.24343941931886
22,2022-01-23,332.0,58.0,651.63,0.8022,1.9627409638554216,413.8618798304662
23,2022-01-24,878.0,137.0,1211.97,0.725,1.3803758542141231,1211.0344827586207
24,2022-01-25,831.0,156.0,1410.0300000000002,0.1241,1.6967870036101085,6696.21273166801
25,2022-01-26,928.0,168.0,1500.76,0.1376,1.6171982758620689,6744.186046511628
26,2022-01-27,466.0,77.0,471.24,0.1234,1.011244635193133,3776.3371150729336
27,2022-01-28,565.0,93.0,343.78999999999996,0.1,0.6084778761061946,5650.0
28,2022-01-29,245.0,45.0,274.19,0.11130000000000001,1.1191428571428572,2201.25786163522
29,2022-01-30,249.0,35.0,226.1,0.1247,0.9080321285140562,1996.7923015236568
30,2022-01-31,646.0,120.0,570.79,0.11410000000000001,0.8835758513931888,5661.7002629272565
31,2022-02-01,683.0,97.0,532.58,0.1493,0.779765739385066,4574.681848626926
32,2022-02-02,692.0,125.0,677.77,0.4008,0.9794364161849711,1726.5469061876247
33,2022-02-03,710.0,130.0,666.47,0.3323,0.9386901408450704,2136.623532952152
34,2022-02-04,782.0,119.0,583.9300000000001,0.3874,0.7467135549872124,2018.5854414042333
35,2022-02-05,348.0,61.0,359.92,0.39030000000000004,1.0342528735632184,891.6218293620291
36,2022-02-06,408.0,68.0,414.04,0.4471,1.0148039215686275,912.5475285171103
37,2022-02-07,671.0,111.0,812.25,0.5115,1.2105067064083457,1311.8279569892475
38,2022-02-08,697.0,121.0,1205.35,0.7031000000000001,1.7293400286944045,991.3241359692788
39,2022-02-09,808.0,130.0,1124.02,0.4409,1.3911138613861387,1832.615105466092
40,2022-02-10,912.0,130.0,1284.56,0.43119999999999997,1.4085087719298246,2115.027829313544
41,2022-02-11,704.0,115.0,1090.0,0.3889,1.5482954545454546,1810.2339933144767
42,2022-02-12,227.0,33.0,536.67,0.7354,2.3641850220264313,308.6755507206962
43,2022-02-13,243.0,25.0,319.14,0.9116,1.3133333333333332,266.564282580079
44,2022-02-14,1020.0,183.0,1963.56,0.5185,1.9250588235294117,1967.2131147540986
45,2022-02-15,1019.0,172.0,1801.78,0.4086,1.7681844946025516,2493.8815467449826
46,2022-02-16,875.0,125.0,1273.49,0.423,1.455417142857143,2068.5579196217495
47,2022-02-17,926.0,135.0,1516.1499999999999,0.30260000000000004,1.6373110151187904,3060.1454064771974
48,2022-02-18,855.0,123.0,1345.94,0.39640000000000003,1.5741988304093568,2156.9122098890007
49,2022-02-19,321.0,61.0,717.65,0.4704,2.235669781931464,682.3979591836735
50,2022-02-20,316.0,54.0,646.75,0.4982,2.0466772151898733,634.2834203131273
51,2022-02-21,777.0,120.0,1310.25,0.3832,1.6862934362934363,2027.6617954070982
52,2022-02-22,930.0,121.0,1237.1,0.3807,1.3302150537634407,2442.868400315209
53,2022-02-23,836.0,151.0,1652.53,0.304,1.9767105263157894,2750.0
54,2022-02-24,929.0,154.0,1706.94,0.31170000000000003,1.8373950484391819,2980.429900545396
55,2022-02-25,792.0,134.0,1692.7399999999998,0.47200000000000003,2.1372979797979794,1677.966101694915
56,2022-02-26,273.0,51.0,648.9,0.5901,2.376923076923077,462.6334519572954
57,2022-02-27,368.0,38.0,481.64,0.3465,1.308804347826087,1062.049062049062
58,2022-02-28,954.0,172.0,1927.25,0.1,2.0201781970649897,9540.0
59,2022-03-01,958.0,135.0,1300.73,0.8721,1.3577557411273486,1098.4978786836373
60,2022-03-02,829.0,147.0,1541.28,0.5463,1.8592038600723764,1517.4812374153396
61,2022-03-03,845.0,137.0,1384.39,0.2492,1.6383313609467456,3390.8507223113966
62,2022-03-04,738.0,120.0,1225.9799999999998,0.3649,1.6612195121951217,2022.4719101123596
63,2022-03-05,314.0,53.0,638.0699999999999,0.5804,2.0320700636942672,541.0062026188835
64,2022-03-06,340.0,59.0,494.63,0.7940999999999999,1.454794117647059,428.15766276287627
65,2022-03-07,752.0,120.0,1104.93,0.8337,1.4693218085106383,902.0031186278038
66,2022-03-08,759.0,131.0,1082.09,0.8783,1.4256785243741765,864.1694181942389
67,2022-03-09,811.0,121.0,959.32,0.9212,1.18288532675709,880.3734259661311
68,2022-03-10,709.0,122.0,1089.62,0.934,1.5368406205923835,759.1006423982869
69,2022-03-11,579.0,99.0,970.4300000000001,0.9277,1.6760449050086357,624.1241780748087
70,2022-03-12,237.0,37.0,383.82,0.9377,1.6194936708860759,252.7460808360883
71,2022-03-13,265.0,41.0,321.3,0.9643999999999999,1.2124528301886792,274.7822480298631
72,2022-03-14,789.0,160.0,1357.04,0.7807999999999999,1.7199493029150823,1010.502049180328
73,2022-03-15,933.0,160.0,1375.85,0.7791,1.4746516613076097,1197.5356180207932
74,2022-03-16,898.0,153.0,1255.56,0.7315999999999999,1.398173719376392,1227.4466921815201
75,2022-03-17,840.0,163.0,1376.07,0.6857,1.6381785714285713,1225.0255213650285
76,2022-03-18,736.0,120.0,1063.51,0.7252,1.4449864130434782,1014.892443463872
77,2022-03-19,320.0,53.0,433.59999999999997,0.7456999999999999,1.355,429.1269947700148
78,2022-03-20,302.0,43.0,454.46999999999997,0.7823,1.5048675496688741,386.041160680046
79,2022-03-21,803.0,147.0,1254.3400000000001,0.679,1.5620672478206727,1182.621502209131
80,2022-03-22,951.0,169.0,1293.57,0.6617000000000001,1.3602208201892745,1437.2071935922622
81,2022-03-23,947.0,164.0,1245.76,0.7041,1.315480464625132,1344.9794063343277
82,2022-03-24,802.0,114.0,896.3799999999999,0.6695,1.1176807980049874,1197.9088872292757
83,2022-03-25,688.0,127.0,1024.94,0.6668999999999999,1.4897383720930233,1031.6389263757685
84,2022-03-26,263.0,44.0,374.62,0.7739,1.4244106463878328,339.837188267218
85,2022-03-27,226.0,34.0,364.15,0.7368000000000001,1.611283185840708,306.7318132464712
86,2022-03-28,885.0,175.0,1579.9099999999999,0.652,1.7852090395480225,1357.361963190184
87,2022-03-29,370.0,70.0,635.29,0.5911,1.7169999999999999,625.9516156318729
88,2022-03-30,125.0,3.0,0.89,0.1,0.0071200000000000005,1250.0
89,2022-03-31,134.0,6.0,1.41,0.1,0.010522388059701493,1340.0
90,2022-04-01,369.0,44.0,335.29999999999995,0.13019999999999998,0.9086720867208671,2834.1013824884794
91,2022-04-02,191.0,29.0,246.86999999999998,0.3041,1.2925130890052354,628.0828674778033
92,2022-04-03,196.0,26.0,299.65,0.4393,1.5288265306122448,446.16435237878443
93,2022-04-04,510.0,77.0,539.78,0.4458,1.058392156862745,1144.0107671601615
94,2022-04-05,383.0,56.0,549.9300000000001,0.41359999999999997,1.4358485639686687,926.0154738878144
95,2022-04-06,441.0,66.0,546.4,0.1857,1.239002267573696,2374.798061389338
96,2022-04-07,425.0,70.0,537.1700000000001,0.2916,1.263929411764706,1457.4759945130313
97,2022-04-08,417.0,77.0,634.9,0.5872999999999999,1.5225419664268585,710.0289460241785
98,2022-04-09,171.0,13.0,133.76999999999998,0.2741,0.7822807017543859,623.859905144108
99,2022-04-10,162.0,24.0,246.02,0.5311,1.518641975308642,305.02730182639806
100,2022-04-11,655.0,97.0,769.6700000000001,0.8733,1.1750687022900765,750.0286270468339
101,2022-04-12,964.0,149.0,1097.75,0.8946,1.1387448132780082,1077.5765705343172
102,2022-04-13,1057.0,158.0,1188.16,0.897,1.1240870387890256,1178.3723522853957
103,2022-04-14,952.0,143.0,998.47,0.9233,1.048813025210084,1031.0841546626232
104,2022-04-15,711.0,108.0,813.1700000000001,0.9459000000000001,1.1436990154711675,751.6650808753567
105,2022-04-16,267.0,41.0,168.27,0.9636,0.6302247191011237,277.08592777085926
106,2022-04-17,261.0,26.0,129.85999999999999,0.9548000000000001,0.4975478927203065,273.355676581483
107,2022-04-18,873.0,151.0,1006.27,0.9353,1.1526575028636885,933.3903560354967
108,2022-04-19,973.0,161.0,1332.31,0.9397,1.3692805755395683,1035.436841545174
109,2022-04-20,984.0,171.0,1344.3899999999999,0.9369,1.36625,1050.2721741914827
110,2022-04-21,951.0,146.0,1291.6799999999998,0.9512,1.3582334384858041,999.789739276703
111,2022-04-22,773.0,105.0,830.02,0.7348,1.073764553686934,1051.9869352204682
112,2022-04-23,268.0,49.0,458.19,0.5710999999999999,1.7096641791044775,469.26983015233765
113,2022-04-24,302.0,44.0,499.03,0.6145,1.6524172185430464,491.45646867371846
114,2022-04-25,958.0,124.0,1144.82,0.3935,1.195010438413361,2434.561626429479
115,2022-04-26,1134.0,167.0,1635.54,0.3089,1.4422751322751322,3671.090967950793
116,2022-04-27,1046.0,167.0,1502.6,0.2559,1.4365200764818356,4087.5341930441577
117,2022-04-28,935.0,158.0,1389.84,0.20629999999999998,1.4864598930481283,4532.234609791566
118,2022-04-29,836.0,151.0,1197.8200000000002,0.44420000000000004,1.432799043062201,1882.0351193156234
119,2022-04-30,317.0,58.0,426.43,0.1,1.345205047318612,3170.0
120,2022-05-01,311.0,47.0,443.31,0.373,1.4254340836012862,833.7801608579089
121,2022-05-02,937.0,155.0,1457.73,0.797,1.5557417289220918,1175.6587202007527
122,2022-05-03,979.0,158.0,1577.18,0.862,1.6110112359550564,1135.7308584686775
123,2022-05-04,1065.0,139.0,1416.63,0.8371999999999999,1.330169014084507,1272.0974677496417
124,2022-05-05,909.0,151.0,1333.87,0.847,1.4674037403740372,1073.1995277449823
125,2022-05-06,809.0,101.0,1129.6100000000001,0.8756,1.3963040791100125,923.937871174052
126,2022-05-07,318.0,38.0,319.52000000000004,0.9389,1.0047798742138365,338.6942166364895
127,2022-05-08,219.0,18.0,178.77,0.9185,0.8163013698630137,238.43222645617857
128,2022-05-09,928.0,131.0,823.91,0.8506,0.8878340517241379,1090.9945920526686
129,2022-05-10,1101.0,154.0,899.11,0.8301000000000001,0.816630336058129,1326.3462233465846
130,2022-05-11,999.0,127.0,755.66,0.9029,0.7564164164164164,1106.4348211319082
131,2022-05-12,954.0,117.0,752.99,0.8629000000000001,0.7892976939203354,1105.5742264457062
132,2022-05-13,801.0,113.0,666.78,0.9018999999999999,0.8324344569288389,888.1250692981484
133,2022-05-14,292.0,41.0,245.19,0.94,0.8396917808219178,310.63829787234044
134,2022-05-15,333.0,54.0,348.23,0.9329000000000001,1.0457357357357357,356.9514417408082
135,2022-05-16,840.0,103.0,557.4200000000001,0.882,0.6635952380952381,952.3809523809524
136,2022-05-17,816.0,106.0,550.34,0.88,0.6744362745098039,927.2727272727273
137,2022-05-18,989.0,135.0,538.39,0.9131999999999999,0.5443781597573306,1083.0048182216383
138,2022-05-19,821.0,105.0,357.52,0.9105,0.4354689403166869,901.7023613399232
139,2022-05-20,811.0,123.0,378.17,0.9106000000000001,0.4663008631319359,890.6215681967933
140,2022-05-21,244.0,25.0,62.809999999999995,0.9393,0.25741803278688524,259.76791227509847
141,2022-05-22,267.0,24.0,84.55,0.9401,0.31666666666666665,284.01233911286033
142,2022-05-23,912.0,118.0,265.34,0.7745000000000001,0.2909429824561403,1177.5338928340864
143,2022-05-24,886.0,110.0,239.6,0.8652,0.27042889390519187,1024.040684234859
144,2022-05-25,891.0,126.0,243.98000000000002,0.894,0.27382716049382716,996.6442953020133
145,2022-05-26,870.0,99.0,184.57,0.8987999999999999,0.2121494252873563,967.9572763684914
146,2022-05-27,701.0,90.0,177.89000000000001,0.4167,0.2537660485021398,1682.2654187664987
147,2022-05-28,263.0,30.0,56.36,0.5683,0.21429657794676807,462.7837409818757
148,2022-05-29,241.0,22.0,101.10000000000001,0.5111,0.4195020746887967,471.53198982586576
149,2022-05-30,253.0,20.0,55.010000000000005,0.9451,0.2174308300395257,267.6965400486721
150,2022-05-31,728.0,88.0,125.4,0.6259,0.17225274725274725,1163.125099856207
151,2022-06-01,727.0,64.0,169.26,0.8122,0.2328198074277854,895.0997291307559
152,2022-06-02,652.0,90.0,108.77,0.8996,0.16682515337423312,724.766562916852
153,2022-06-03,555.0,45.0,71.44,0.8432,0.12872072072072072,658.2068311195446
154,2022-06-04,194.0,12.0,25.2,0.9123,0.12989690721649483,212.64934780225803
155,2022-06-05,192.0,18.0,32.07,0.9186,0.16703125,209.01371652514698
156,2022-06-06,303.0,39.0,169.94,0.9405,0.5608580858085809,322.1690590111643
157,2022-06-07,735.0,114.0,220.58,0.8356,0.30010884353741496,879.607467687889
158,2022-06-08,831.0,113.0,223.68,0.7399,0.2691696750902527,1123.1247465873766
159,2022-06-09,685.0,101.0,206.85,0.8311,0.301970802919708,824.2088797978583
160,2022-06-10,561.0,83.0,206.9,0.9018,0.3688057040998218,622.0891550232867
161,2022-06-11,225.0,24.0,101.58,0.927,0.4514666666666667,242.71844660194174
162,2022-06-12,263.0,21.0,93.07000000000001,0.9329999999999999,0.35387832699619776,281.88638799571277
163,2022-06-13,749.0,88.0,247.07,0.8756,0.3298664886515354,855.4134307903151
164,2022-06-14,811.0,75.0,233.29,0.8801000000000001,0.2876572133168927,921.4861947505964
165,2022-06-15,747.0,55.0,131.39,0.8715999999999999,0.17589022757697453,857.044515832951
166,2022-06-16,787.0,76.0,251.69,0.8259000000000001,0.3198094027954257,952.8998668119626
167,2022-06-17,593.0,49.0,136.32,0.8946999999999999,0.22988195615514334,662.7919973175367
168,2022-06-18,207.0,15.0,47.41,0.9398000000000001,0.22903381642512075,220.25962970844859
169,2022-06-19,190.0,12.0,28.0,0.9201999999999999,0.14736842105263157,206.47685285807435
170,2022-06-20,587.0,47.0,121.44,0.85,0.2068824531516184,690.5882352941177
171,2022-06-21,754.0,51.0,111.53999999999999,0.8359000000000001,0.1479310344827586,902.0217729393468
172,2022-06-22,774.0,47.0,101.77000000000001,0.821,0.1314857881136951,942.7527405602924
173,2022-06-23,739.0,59.0,107.01,0.8287,0.14480378890392423,891.7581754555328
174,2022-06-24,502.0,39.0,66.38,0.8497,0.13223107569721115,590.7967517947511
175,2022-06-25,126.0,9.0,15.7,0.9018,0.12460317460317459,139.7205588822355
176,2022-06-26,192.0,18.0,32.5,0.9231,0.16927083333333334,207.99480012999675
177,2022-06-27,530.0,36.0,73.93,0.8268000000000001,0.13949056603773585,641.025641025641
178,2022-06-28,559.0,28.0,68.3,0.8515,0.1221824686940966,656.4885496183206
179,2022-06-29,461.0,36.0,33.79,0.8556999999999999,0.07329718004338395,538.7402126913638
180,2022-06-30,517.0,43.0,51.16,0.8611,0.09895551257253385,600.3948438044362
181,2022-07-01,368.0,19.0,24.16,0.8576,0.06565217391304348,429.1044776119403
182,2022-07-02,78.0,4.0,3.5900000000000003,0.9298000000000001,0.04602564102564103,83.88900838890083
183,2022-07-03,92.0,3.0,3.9200000000000004,0.9223,0.042608695652173914,99.75062344139651
184,2022-07-04,147.0,6.0,4.24,0.9151,0.028843537414965988,160.63818161949513
185,2022-07-05,397.0,11.0,29.17,0.8212999999999999,0.07347607052896726,483.38000730549135
186,2022-07-06,452.0,22.0,26.009999999999998,0.8279000000000001,0.057544247787610615,545.9596569634014
187,2022-07-07,418.0,32.0,33.82,0.8541,0.08090909090909092,489.4040510478867
188,2022-07-08,348.0,16.0,12.97,0.8689,0.037270114942528736,400.5063873863506
189,2022-07-09,109.0,4.0,2.72,0.9176000000000001,0.024954128440366975,118.78814298169137
190,2022-07-10,90.0,6.0,13.610000000000001,0.9187000000000001,0.15122222222222223,97.96451507565037
191,2022-07-11,298.0,8.0,13.6,0.6987000000000001,0.04563758389261745,426.50636897094597
192,2022-07-12,299.0,15.0,22.67,0.7543000000000001,0.07581939799331104,396.39400768924827
193,2022-07-13,193.0,10.0,19.2,0.7678,0.09948186528497409,251.36754363115392
194,2022-07-14,168.0,3.0,3.55,0.6379,0.02113095238095238,263.364163662016
195,2022-07-15,101.0,3.0,5.58,0.6456999999999999,0.05524752475247525,156.41938980950908
196,2022-07-16,42.0,1.0,0.05,0.8228,0.0011904761904761906,51.04521147301896
197,2022-07-17,37.0,1.0,9.93,0.742,0.26837837837837836,49.86522911051213
198,2022-07-18,166.0,4.0,7.83,0.4947,0.04716867469879518,335.5569031736406
199,2022-07-19,46.0,5.0,22.73,0.8513,0.4941304347826087,54.035005286033126
200,2022-07-20,76.0,4.0,6.42,0.5546,0.08447368421052631,137.03570140641904
201,2022-07-21,41.0,3.0,6.2,0.725,0.15121951219512195,56.55172413793104
202,2022-07-22,40.0,6.0,6.82,0.7997,0.1705,50.01875703388771
203,2022-07-23,13.0,1.0,8.04,0.9177,0.6184615384615384,14.165849406124007
204,2022-07-24,9.0,3.0,3.85,0.9168000000000001,0.4277777777777778,9.81675392670157
205,2022-07-25,61.0,3.0,3.9299999999999997,0.743,0.06442622950819672,82.09959623149395
206,2022-07-26,48.0,3.0,0.23,0.7433,0.004791666666666667,64.57688685591282
207,2022-07-27,61.0,4.0,3.08,0.6979000000000001,0.050491803278688525,87.40507235993694
208,2022-07-28,48.0,3.0,13.28,0.7422,0.27666666666666667,64.6725949878739
209,2022-07-29,53.0,3.0,6.17,0.8270000000000001,0.11641509433962265,64.08706166868198
210,2022-07-30,25.0,2.0,3.84,0.8812000000000001,0.1536,28.37040399455288
211,2022-07-31,24.0,0.0,0.0,0.9064,0.0,26.4783759929391
212,2022-08-01,97.0,7.0,11.98,0.7203,0.12350515463917526,134.66611134249618
213,2022-08-02,96.0,2.0,14.09,0.6151,0.14677083333333332,156.07218338481547
214,2022-08-03,104.0,3.0,4.76,0.7857999999999999,0.04576923076923077,132.34919826927973
215,2022-08-04,110.0,3.0,13.32,0.8184,0.1210909090909091,134.40860215053763
216,2022-08-05,49.0,2.0,0.9299999999999999,0.8328,0.018979591836734692,58.83765609990394
217,2022-08-06,10.0,1.0,3.78,0.5282,0.378,18.93222264293828
218,2022-08-07,1.0,0.0,0.0,0.8341,0.0,1.1988970147464333
219,2022-08-08,44.0,6.0,15.08,0.7216,0.3427272727272727,60.97560975609756
220,2022-08-09,182.0,2.0,0.8300000000000001,0.7136,0.0045604395604395605,255.04484304932734
221,2022-08-10,223.0,9.0,20.66,0.6829000000000001,0.0926457399103139,326.54854297847413
222,2022-08-11,196.0,11.0,35.32,0.7314,0.18020408163265306,267.9792179382007
223,2022-08-12,172.0,11.0,34.62,0.7955,0.20127906976744184,216.21621621621622
224,2022-08-13,57.0,3.0,15.32,0.9003,0.2687719298245614,63.312229256914364
225,2022-08-14,34.0,1.0,0.1,0.8835999999999999,0.0029411764705882353,38.47894975101856
226,2022-08-15,244.0,7.0,24.86,0.7537,0.10188524590163935,323.73623457609125
227,2022-08-16,265.0,7.0,34.64,0.7613,0.13071698113207547,348.0887954814134
228,2022-08-17,284.0,5.0,22.139999999999997,0.7625,0.07795774647887323,372.45901639344265
229,2022-08-18,295.0,10.0,36.09,0.7958,0.12233898305084746,370.6961548127671
230,2022-08-19,263.0,8.0,8.91,0.8325,0.03387832699619772,315.9159159159159
231,2022-08-20,72.0,0.0,0.0,0.8458,0.0,85.1265074485694
232,2022-08-21,71.0,5.0,46.23,0.5207,0.6511267605633803,136.35490685615517
233,2022-08-22,359.0,5.0,17.14,0.369,0.04774373259052925,972.89972899729
234,2022-08-23,309.0,7.0,5.42,0.4598,0.017540453074433658,672.0313179643323
235,2022-08-24,286.0,6.0,43.06,0.6053000000000001,0.15055944055944057,472.4929786882537
236,2022-08-25,295.0,11.0,16.6,0.6162,0.056271186440677974,478.74066861408636
237,2022-08-26,306.0,10.0,2.62,0.7186,0.008562091503267975,425.8279988867242
238,2022-08-27,115.0,2.0,9.13,0.8829,0.0793913043478261,130.25257673575717
239,2022-08-28,97.0,5.0,18.3,0.8964,0.18865979381443299,108.21062025881304
240,2022-08-29,552.0,13.0,20.05,0.894,0.036322463768115945,617.4496644295302
241,2022-08-30,522.0,14.0,31.64,0.8837,0.06061302681992337,590.6982007468598
242,2022-08-31,712.0,31.0,17.82,0.8906999999999999,0.02502808988764045,799.3712810149322
243,2022-09-01,612.0,21.0,18.209999999999997,0.8891,0.02975490196078431,688.3365200764819
244,2022-09-02,400.0,11.0,10.629999999999999,0.9056000000000001,0.026574999999999998,441.6961130742049
245,2022-09-03,127.0,2.0,3.82,0.9297,0.030078740157480313,136.60320533505433
246,2022-09-04,98.0,1.0,0.05,0.9168999999999999,0.0005102040816326531,106.88188461118989
247,2022-09-05,122.0,3.0,0.15000000000000002,0.9093000000000001,0.0012295081967213116,134.16914109754754
248,2022-09-06,564.0,14.0,8.08,0.8781,0.014326241134751774,642.295866074479
249,2022-09-07,546.0,17.0,23.82,0.7332,0.04362637362637363,744.6808510638298
250,2022-09-08,551.0,11.0,12.78,0.8273999999999999,0.02319419237749546,665.9415035049553
251,2022-09-09,435.0,6.0,3.4699999999999998,0.8783,0.007977011494252872,495.2749629966982
252,2022-09-10,125.0,4.0,0.63,0.9003,0.00504,138.84260801954903
253,2022-09-11,137.0,2.0,0.6,0.8966,0.00437956204379562,152.79946464421147
254,2022-09-12,646.0,19.0,10.830000000000002,0.8521,0.016764705882352945,758.1269804013614
255,2022-09-13,543.0,9.0,18.41,0.7509999999999999,0.03390423572744015,723.0359520639149
256,2022-09-14,704.0,33.0,16.89,0.8445999999999999,0.023991477272727272,833.5306654037415
257,2022-09-15,654.0,44.0,20.72,0.8129000000000001,0.03168195718654434,804.5270020912781
258,2022-09-16,617.0,26.0,19.14,0.8537,0.031021069692058346,722.73632423568
259,2022-09-17,182.0,13.0,11.8,0.9106000000000001,0.06483516483516484,199.8682187568636
260,2022-09-18,213.0,7.0,5.32,0.8794,0.024976525821596245,242.2105981350921
261,2022-09-19,754.0,52.0,46.81,0.8445999999999999,0.06208222811671088,892.7302865261663
262,2022-09-20,777.0,47.0,38.61,0.8477,0.04969111969111969,916.5978530140379
263,2022-09-21,866.0,52.0,32.449999999999996,0.826,0.037471131639722856,1048.4261501210653
264,2022-09-22,790.0,94.0,58.71,0.8402,0.07431645569620253,940.2523208759819
265,2022-09-23,679.0,52.0,29.979999999999997,0.8443999999999999,0.04415316642120765,804.1212695405022
266,2022-09-24,269.0,12.0,11.97,0.888,0.04449814126394052,302.9279279279279
267,2022-09-25,288.0,15.0,14.13,0.8981999999999999,0.0490625,320.6412825651303
268,2022-09-26,643.0,34.0,26.369999999999997,0.8287,0.0410108864696734,775.9140822975745
269,2022-09-27,770.0,60.0,39.97,0.8245,0.051909090909090905,933.8993329290479
270,2022-09-28,739.0,74.0,39.74,0.8029999999999999,0.05377537212449256,920.2988792029888
271,2022-09-29,702.0,51.0,27.23,0.8106,0.03878917378917379,866.0251665433012
272,2022-09-30,542.0,24.0,15.219999999999999,0.8279000000000001,0.028081180811808115,654.6684382171759
273,2022-10-01,230.0,15.0,8.65,0.8878,0.03760869565217392,259.0673575129534
274,2022-10-02,220.0,13.0,10.07,0.8787,0.04577272727272728,250.36986457266414
275,2022-10-03,826.0,63.0,44.72,0.8504999999999999,0.05414043583535109,971.1934156378602
276,2022-10-04,810.0,35.0,21.89,0.8462999999999999,0.027024691358024693,957.107408720312
277,2022-10-05,831.0,49.0,33.230000000000004,0.8415,0.03998796630565584,987.5222816399287
278,2022-10-06,877.0,66.0,49.46,0.8504999999999999,0.056396807297605475,1031.1581422692534
279,2022-10-07,704.0,38.0,25.759999999999998,0.8541,0.03659090909090909,824.2594543964407
280,2022-10-08,230.0,6.0,8.75,0.8797,0.03804347826086957,261.4527679890872
281,2022-10-09,299.0,17.0,12.5,0.8904000000000001,0.04180602006688963,335.80413297394426
282,2022-10-10,710.0,32.0,16.76,0.8541,0.023605633802816904,831.2843929282286
283,2022-10-11,786.0,32.0,15.969999999999999,0.8356,0.020318066157760814,940.6414552417425
284,2022-10-12,728.0,37.0,17.96,0.8584,0.02467032967032967,848.0894687791239
285,2022-10-13,746.0,49.0,21.97,0.8664000000000001,0.029450402144772115,861.034164358264
286,2022-10-14,604.0,43.0,21.47,0.8673000000000001,0.03554635761589404,696.4141588838925
287,2022-10-15,230.0,11.0,13.49,0.9159999999999999,0.058652173913043476,251.09170305676858
288,2022-10-16,287.0,17.0,17.78,0.9316,0.06195121951219513,308.0721339630743
289,2022-10-17,498.0,21.0,20.08,0.882,0.04032128514056225,564.625850340136
290,2022-10-18,431.0,24.0,20.43,0.8797,0.04740139211136891,489.93975218824596
291,2022-10-19,517.0,31.0,18.55,0.8981,0.03588007736943907,575.6597260884089
292,2022-10-20,642.0,34.0,15.78,0.9044,0.02457943925233645,709.8628925254312
293,2022-10-21,504.0,31.0,14.04,0.8819,0.027857142857142855,571.493366594852
294,2022-10-22,230.0,16.0,8.42,0.8976000000000001,0.036608695652173916,256.2388591800356
295,2022-10-23,185.0,13.0,7.44,0.8879,0.04021621621621622,208.35679693659196
296,2022-10-24,514.0,20.0,11.82,0.8216,0.022996108949416342,625.6085686465433
297,2022-10-25,536.0,18.0,10.55,0.7781,0.019682835820895524,688.8574733324765
298,2022-10-26,592.0,11.0,5.3500000000000005,0.8204,0.009037162162162164,721.5992198927353
299,2022-10-27,463.0,20.0,8.66,0.7339,0.018704103671706263,630.8761411636463
300,2022-10-28,382.0,12.0,5.75,0.7725,0.015052356020942409,494.49838187702267
301,2022-10-29,147.0,8.0,3.52,0.8492000000000001,0.02394557823129252,173.10409797456427
302,2022-10-30,115.0,7.0,3.95,0.8423,0.03434782608695652,136.53092722307966
303,2022-10-31,128.0,5.0,1.4000000000000001,0.7159,0.010937500000000001,178.79592121804723
304,2022-11-01,270.0,10.0,85.76,0.7315999999999999,0.31762962962962965,369.0541279387644
305,2022-11-02,192.0,8.0,15.06,0.6998000000000001,0.07843750000000001,274.36410402972274
306,2022-11-03,252.0,11.0,43.0,0.82,0.17063492063492064,307.3170731707317
307,2022-11-04,259.0,12.0,22.03,0.7829999999999999,0.08505791505791506,330.779054916986
308,2022-11-05,81.0,8.0,35.2,0.8967,0.43456790123456795,90.3312144529943
309,2022-11-06,122.0,8.0,12.799999999999999,0.8963,0.10491803278688523,136.11514002008258
310,2022-11-07,275.0,13.0,23.459999999999997,0.7565999999999999,0.0853090909090909,363.46814697330166
311,2022-11-08,300.0,21.0,52.96999999999999,0.7652,0.17656666666666665,392.0543648719289
312,2022-11-09,347.0,27.0,38.61,0.7892,0.11126801152737752,439.68575772934616
313,2022-11-10,412.0,12.0,6.13,0.8120999999999999,0.014878640776699028,507.32668390592295
314,2022-11-11,352.0,12.0,9.49,0.7966,0.026960227272727275,441.8779814210394
315,2022-11-12,144.0,12.0,8.39,0.893,0.05826388888888889,161.2541993281075
316,2022-11-13,235.0,10.0,17.060000000000002,0.9026000000000001,0.07259574468085107,260.3589629957899
317,2022-11-14,746.0,47.0,57.3,0.8355,0.07680965147453082,892.8785158587672
318,2022-11-15,782.0,49.0,55.25,0.8362,0.07065217391304347,935.1829705812006
319,2022-11-16,784.0,62.0,133.16,0.8564,0.1698469387755102,915.4600653900046
320,2022-11-17,873.0,60.0,97.47999999999999,0.8487,0.11166093928980526,1028.6320254506893
321,2022-11-18,818.0,73.0,146.79,0.8425,0.17944987775061125,970.919881305638
322,2022-11-19,226.0,26.0,54.72,0.9151,0.24212389380530974,246.9675445306524
323,2022-11-20,281.0,30.0,67.36,0.8874,0.2397153024911032,316.65539779130046
324,2022-11-21,802.0,70.0,118.82,0.794,0.14815461346633416,1010.0755667506297
325,2022-11-22,835.0,108.0,891.72,0.8201,1.067928143712575,1018.1685160346299
326,2022-11-23,923.0,154.0,1662.8799999999999,0.857,1.8016034669555796,1077.0128354725787
327,2022-11-24,360.0,51.0,682.0,0.9115000000000001,1.8944444444444444,394.9533735600658
328,2022-11-25,455.0,83.0,1477.46,0.8896,3.2471648351648352,511.46582733812954
329,2022-11-26,396.0,66.0,1695.9900000000002,0.9281,4.282803030303031,426.67815968106885
330,2022-11-27,402.0,63.0,1107.98,0.9298000000000001,2.7561691542288558,432.35104323510427
331,2022-11-28,1110.0,199.0,3719.63,0.8969,3.351018018018018,1237.5961645668413
332,2022-11-29,779.0,129.0,2362.61,0.6273,3.032875481386393,1241.8300653594772
333,2022-11-30,253.0,33.0,703.8,0.10400000000000001,2.7818181818181817,2432.6923076923076
334,2022-12-01,519.0,70.0,595.27,0.6191,1.146955684007707,838.3136811500566
335,2022-12-02,157.0,17.0,325.15,0.2289,2.0710191082802547,685.8890345128877
336,2022-12-03,110.0,8.0,83.38,0.3373,0.758,326.11918173732585
337,2022-12-04,88.0,6.0,91.27,0.7626000000000001,1.0371590909090909,115.39470233412011
338,2022-12-05,363.0,24.0,408.25,0.8251000000000001,1.1246556473829201,439.9466731305296
339,2022-12-06,422.0,34.0,485.77000000000004,0.8381000000000001,1.1511137440758294,503.5198663643956
340,2022-12-07,413.0,29.0,284.42,0.8197,0.6886682808716708,503.8428693424424
341,2022-12-08,405.0,32.0,229.78,0.7979,0.567358024691358,507.5824038100012
342,2022-12-09,243.0,25.0,239.10999999999999,0.7426,0.983991769547325,327.2286560732561
343,2022-12-10,153.0,21.0,275.8,0.1334,1.8026143790849674,1146.9265367316343
344,2022-12-11,182.0,17.0,239.82,0.7170000000000001,1.3176923076923077,253.8354253835425
345,2022-12-12,316.0,22.0,294.90999999999997,0.7833,0.933259493670886,403.4214221881782
346,2022-12-13,404.0,44.0,568.1400000000001,0.7856000000000001,1.4062871287128715,514.2566191446028
347,2022-12-14,267.0,20.0,192.78,0.6887000000000001,0.7220224719101124,387.68694642079276
348,2022-12-15,274.0,20.0,217.73,0.7106,0.7946350364963504,385.5896425555868
349,2022-12-16,376.0,33.0,299.15,0.7723,0.7956117021276595,486.85743881911174
350,2022-12-17,143.0,14.0,105.42000000000002,0.8414,0.7372027972027974,169.95483717613502
351,2022-12-18,156.0,22.0,144.33,0.8502,0.9251923076923078,183.4862385321101
352,2022-12-19,339.0,20.0,93.32000000000001,0.7487999999999999,0.2752802359882006,452.724358974359
353,2022-12-20,620.0,92.0,899.3199999999999,0.8528,1.450516129032258,727.016885553471
354,2022-12-21,661.0,112.0,1502.78,0.89,2.2734947049924354,742.6966292134831
355,2022-12-22,624.0,95.0,1077.8400000000001,0.8967,1.7273076923076924,695.8849113415857
356,2022-12-23,574.0,81.0,760.99,0.9208,1.3257665505226481,623.3709817549957
357,2022-12-24,226.0,33.0,276.46,0.7666,1.2232743362831857,294.80824419514744
358,2022-12-25,200.0,37.0,325.69,0.7081000000000001,1.62845,282.4459822059031
359,2022-12-26,336.0,49.0,636.37,0.7585,1.8939583333333334,442.9795649307845
360,2022-12-27,794.0,116.0,1008.3100000000001,0.602,1.269911838790932,1318.936877076412
361,2022-12-28,823.0,97.0,1040.4299999999998,0.40880000000000005,1.2641919805589306,2013.2093933463793
362,2022-12-29,785.0,108.0,867.6899999999999,0.3763,1.1053375796178344,2086.1015147488706
363,2022-12-30,542.0,63.0,477.20000000000005,0.5373,0.8804428044280443,1008.7474409082449
364,2022-12-31,294.0,41.0,191.56,0.47159999999999996,0.6515646258503401,623.4096692111959
365,2023-01-01,1265.0,220.0,1615.02,0.4828,1.276695652173913,2620.13256006628
366,2023-01-02,2426.0,463.0,3730.66,0.4539,1.5377823577906018,5344.7896012337515
367,2023-01-03,4425.0,774.0,5978.780000000001,0.5025999999999999,1.351136723163842,8804.218066056508
368,2023-01-04,5499.0,1058.0,8484.51,0.5366,1.5429187124931807,10247.856876630638
369,2023-01-05,6046.0,1134.0,10160.28,0.5658,1.680496195831955,10685.754683633793
370,2023-01-06,6086.0,1123.0,10275.699999999999,0.5706,1.6884160368057837,10665.96565019278
371,2023-01-07,3489.0,680.0,7691.18,0.5720000000000001,2.204408139868157,6099.650349650349
372,2023-01-08,4302.0,953.0,11179.54,0.5984,2.5986843328684337,7189.171122994652
373,2023-01-09,7467.0,1393.0,15439.039999999999,0.5977,2.067636266238114,12492.889409402711
374,2023-01-10,7480.0,1553.0,16362.35,0.5825,2.187479946524064,12841.201716738196
375,2023-01-11,7766.0,1395.0,16120.91,0.6247,2.07583183105846,12431.56715223307
376,2023-01-12,7355.0,1440.0,16464.27,0.6361,2.2385139360978927,11562.64738248703
377,2023-01-13,6461.0,1191.0,13448.14,0.6263000000000001,2.0814332146726513,10316.142423758582
378,2023-01-14,4279.0,852.0,11470.380000000001,0.675,2.680621640570227,6339.259259259259
379,2023-01-15,4287.0,853.0,10763.09,0.6987000000000001,2.5106344763237693,6135.680549592099
380,2023-01-16,5195.0,1015.0,14231.76,0.64,2.7395110683349375,8117.1875
381,2023-01-17,6884.0,1146.0,14739.119999999999,0.6228,2.1410691458454387,11053.307642903019
382,2023-01-18,7458.0,1270.0,16424.77,0.6331,2.202302225797801,11780.129521402621
383,2023-01-19,7689.0,1436.0,15989.23,0.6431999999999999,2.0794940824554558,11954.291044776122
384,2023-01-20,6694.0,1192.0,14149.880000000001,0.6511,2.113815357036152,10281.062816771617
385,2023-01-21,3625.0,715.0,11177.75,0.7111,3.0835172413793104,5097.735902123471
386,2023-01-22,3339.0,627.0,10275.400000000001,0.675,3.0773884396525912,4946.666666666666
387,2023-01-23,8117.0,1515.0,19577.11,0.6657,2.4118652211408156,12193.180111161184
388,2023-01-24,8264.0,1569.0,18701.09,0.6805,2.262958615682478,12144.01175606172
389,2023-01-25,9269.0,1782.0,21043.87,0.7001000000000001,2.2703495522710107,13239.537208970147
390,2023-01-26,9042.0,1662.0,19712.58,0.705,2.1801128069011284,12825.531914893618
391,2023-01-27,8898.0,1725.0,16615.25,0.7062999999999999,1.8673016408181613,12598.046156024353
392,2023-01-28,5256.0,1079.0,12397.73,0.7685,2.3587766362252665,6839.297332465843
393,2023-01-29,4715.0,971.0,13996.630000000001,0.7623000000000001,2.9685323435843056,6185.228912501639
394,2023-01-30,7111.0,1440.0,15053.45,0.5916,2.11692448319505,12019.945909398242
395,2023-01-31,8360.0,1596.0,14724.869999999999,0.6751,1.7613480861244017,12383.350614723744
396,2023-02-01,8487.0,1761.0,19112.53,0.5854,2.2519771415105456,14497.77929620772
397,2023-02-02,8885.0,1839.0,18389.06,0.5912,2.0696747326955545,15028.7550744249
398,2023-02-03,9740.0,2108.0,19855.54,0.6245,2.0385564681724846,15596.477181745395
399,2023-02-04,6034.0,1353.0,14546.73,0.8094,2.410793834935366,7454.904867803311
400,2023-02-05,5438.0,1305.0,16066.33,0.7129000000000001,2.9544556822361163,7627.9983167344635
401,2023-02-06,9117.0,1931.0,21443.87,0.5393,2.3520752440495776,16905.24754311144
402,2023-02-07,8747.0,2001.0,20617.98,0.5069,2.357148736709729,17255.869007693826
403,2023-02-08,8689.0,2000.0,20546.280000000002,0.4696,2.364631142824261,18502.981260647357
404,2023-02-09,8948.0,1983.0,18874.1,0.4961,2.109309342869915,18036.686151985487
405,2023-02-10,8284.0,1885.0,19273.14,0.5075,2.326549975857074,16323.152709359607
406,2023-02-11,5112.0,1297.0,14182.349999999999,0.6386999999999999,2.774325117370892,8003.757632691405
407,2023-02-12,4718.0,1141.0,11430.95,0.6812,2.422838066977533,6926.012918379331
408,2023-02-13,8772.0,2033.0,20278.52,0.5882000000000001,2.311732786137711,14913.29479768786
409,2023-02-14,7534.0,1732.0,16395.86,0.34869999999999995,2.176249004512875,21605.96501290508
410,2023-02-15,7619.0,1837.0,16333.09,0.3232,2.14373146082163,23573.63861386139
411,2023-02-16,8266.0,1910.0,16557.08,0.40630000000000005,2.0030341156544886,20344.572975633764
412,2023-02-17,7772.0,1876.0,14696.49,0.36090000000000005,1.89095342254246,21535.051260737044
413,2023-02-18,5484.0,1435.0,10959.630000000001,0.4707,1.9984737417943108,11650.732950924155
414,2023-02-19,5292.0,1381.0,9768.8,0.4571,1.8459561602418744,11577.335375191424
415,2023-02-20,7311.0,1862.0,11641.94,0.3667,1.5923868143892765,19937.278429233706
416,2023-02-21,8381.0,1968.0,11057.11,0.4242,1.31930676530247,19757.190004714757
417,2023-02-22,8298.0,1972.0,10786.2,0.3884,1.2998553868402025,21364.572605561276
418,2023-02-23,8610.0,1838.0,8364.6,0.3527,0.9714982578397213,24411.681315565635
419,2023-02-24,7465.0,1585.0,7676.650000000001,0.39,1.0283523107836572,19141.02564102564
420,2023-02-25,4617.0,1196.0,5559.01,0.4017,1.204030755902101,11493.651979088872
421,2023-02-26,4040.0,1033.0,4733.11,0.3741,1.1715618811881188,10799.251537022186
422,2023-02-27,7478.0,1730.0,7972.4800000000005,0.30760000000000004,1.0661246322546136,24310.79323797139
423,2023-02-28,7419.0,1681.0,6829.42,0.3529,0.9205310688772071,21022.952677812413
424,2023-03-01,8637.0,1735.0,8912.95,0.586,1.0319497510709739,14738.907849829353
425,2023-03-02,8769.0,1936.0,9372.91,0.5756,1.0688687421598815,15234.53787352328
426,2023-03-03,7730.0,1622.0,7292.45,0.5985,0.9433958602846054,12915.6223893066
427,2023-03-04,4143.0,993.0,4691.04,0.6615000000000001,1.1322809558291094,6263.038548752834
428,2023-03-05,4187.0,970.0,3878.73,0.6648000000000001,0.9263744924767137,6298.134777376654
429,2023-03-06,7954.0,1660.0,6175.32,0.6053999999999999,0.7763791802866482,13138.420878757848
430,2023-03-07,8332.0,1848.0,7696.51,0.629,0.9237289966394623,13246.422893481717
431,2023-03-08,8759.0,1911.0,7545.53,0.6579999999999999,0.8614602123530083,13311.550151975685
432,2023-03-09,9321.0,2121.0,9918.78,0.6829999999999999,1.0641326037978758,13647.144948755491
433,2023-03-10,8200.0,1766.0,9377.06,0.7249,1.1435439024390244,11311.905090357292
434,2023-03-11,5148.0,1275.0,7248.47,0.8103,1.4080167055167057,6353.202517586079
435,2023-03-12,4385.0,1049.0,7167.47,0.7848999999999999,1.6345427594070696,5586.698942540452
436,2023-03-13,9774.0,1967.0,15855.58,0.7744,1.622220175977082,12621.38429752066
437,2023-03-14,10947.0,2201.0,17925.55,0.8140999999999999,1.6374851557504337,13446.75101338902
438,2023-03-15,10377.0,2148.0,17885.97,0.7873,1.7236166522116219,13180.49028324654
439,2023-03-16,10136.0,2171.0,19207.13,0.7898000000000001,1.8949417916337807,12833.628766776399
440,2023-03-17,8850.0,1814.0,17658.41,0.8384,1.9953005649717515,10555.820610687022
441,2023-03-18,5273.0,1145.0,12102.41,0.8914,2.2951659396927746,5915.413955575499
442,2023-03-19,5408.0,1107.0,12153.0,0.8559,2.2472263313609466,6318.495151302723
443,2023-03-20,9842.0,1775.0,18101.559999999998,0.8259000000000001,1.8392156065840275,11916.696936675142
444,2023-03-21,10267.0,1931.0,22688.129999999997,0.8354,2.2098110450959383,12289.920995930093
445,2023-03-22,11350.0,2258.0,23627.12,0.8493999999999999,2.081684581497797,13362.37344007535
446,2023-03-23,11737.0,2287.0,23346.489999999998,0.8595999999999999,1.989136065434097,13654.025127966497
447,2023-03-24,10453.0,2064.0,23205.8,0.8572,2.2200133932842245,12194.353709752684
448,2023-03-25,5639.0,1406.0,14360.449999999999,0.8969,2.5466306082638765,6287.211506299475
449,2023-03-26,5462.0,1267.0,12302.9,0.8817,2.2524533138044673,6194.850856300329
450,2023-03-27,10872.0,2253.0,19714.489999999998,0.8298000000000001,1.81332689477557,13101.952277657265
451,2023-03-28,11167.0,2368.0,21238.35,0.7798999999999999,1.9018850183576608,14318.502372098988
452,2023-03-29,7749.0,1582.0,16700.4,0.3636,2.1551684088269454,21311.881188118812
453,2023-03-30,9074.0,1979.0,16382.64,0.6158,1.8054485342737492,14735.303670022735
454,2023-03-31,1424.0,288.0,3584.1200000000003,0.2726,2.516938202247191,5223.771093176816
455,2023-04-01,5371.0,1299.0,9923.98,0.7545999999999999,1.847696890709365,7117.67824012722
456,2023-04-02,6298.0,1516.0,11646.0,0.8222,1.8491584630041282,7659.9367550474335
457,2023-04-03,10177.0,2178.0,17629.39,0.6609999999999999,1.732277684975926,15396.369137670199
458,2023-04-04,10836.0,2217.0,17918.29,0.7286,1.6535889627168698,14872.357946747186
459,2023-04-05,10846.0,2396.0,19502.870000000003,0.7387,1.7981624562050529,14682.5504264248
460,2023-04-06,10845.0,2381.0,18702.7,0.7031000000000001,1.7245458736745045,15424.548428388563
461,2023-04-07,9337.0,1988.0,14827.12,0.7698,1.587996144371854,12129.124447908547
462,2023-04-08,5736.0,1386.0,9191.85,0.8247,1.6024843096234311,6955.256456893416
463,2023-04-09,6009.0,1492.0,10570.38,0.8129000000000001,1.7590913629555665,7392.053143068028
464,2023-04-10,9676.0,2069.0,14892.5,0.7156,1.5391174038859032,13521.520402459475
465,2023-04-11,9889.0,2129.0,15906.300000000001,0.7088,1.60848417433512,13951.749435665915
466,2023-04-12,10277.0,2154.0,14942.89,0.7179000000000001,1.4540128442152378,14315.364256860285
467,2023-04-13,10459.0,2087.0,15072.91,0.7156999999999999,1.4411425566497753,14613.664943412046
468,2023-04-14,8433.0,1836.0,12096.91,0.6837000000000001,1.4344729040673545,12334.35717419921
469,2023-04-15,4573.0,1096.0,7116.8,0.7548999999999999,1.5562650338945987,6057.755994171414
470,2023-04-16,6176.0,1342.0,7630.470000000001,0.7662,1.235503562176166,8060.558600887497
471,2023-04-17,13420.0,2698.0,15061.529999999999,0.7089,1.1223196721311475,18930.73776273099
472,2023-04-18,12222.0,2575.0,14382.42,0.7261,1.176764850270005,16832.392232474867
473,2023-04-19,12582.0,2695.0,14839.52,0.7129000000000001,1.1794245747893817,17649.03913592369
474,2023-04-20,10636.0,2376.0,13103.24,0.7041,1.2319706656637834,15105.808833972449
475,2023-04-21,9249.0,2051.0,13706.1,0.7165,1.4819007460265976,12908.583391486392
476,2023-04-22,5992.0,1464.0,8838.35,0.7502,1.4750250333778372,7987.203412423354
477,2023-04-23,5755.0,1444.0,8663.52,0.7241,1.5053900955690704,7947.797265571054
478,2023-04-24,9339.0,1997.0,11699.27,0.6826000000000001,1.2527326266195524,13681.5118663932
479,2023-04-25,9156.0,1897.0,11508.039999999999,0.6940000000000001,1.256885102664919,13193.08357348703
480,2023-04-26,9975.0,2031.0,12409.279999999999,0.7059000000000001,1.2440380952380952,14130.896727581809
481,2023-04-27,9518.0,2036.0,12730.16,0.7062,1.3374826644252995,13477.768337581421
482,2023-04-28,8123.0,1741.0,11674.71,0.7315999999999999,1.4372411670565062,11103.061782394752
483,2023-04-29,4429.0,1040.0,6741.04,0.7777,1.522023030029352,5694.9980712356955
484,2023-04-30,4568.0,1076.0,7752.16,0.8042,1.6970577933450086,5680.179059935339
485,2023-05-01,8081.0,1589.0,13851.21,0.47619999999999996,1.7140465288949387,16969.760604787905
486,2023-05-02,10390.0,2132.0,14773.34,0.7071999999999999,1.4218806544754572,14691.742081447965
487,2023-05-03,8922.0,1860.0,10545.92,0.6289,1.182013001569155,14186.675147082207
488,2023-05-04,9756.0,2031.0,15951.32,0.7003,1.6350266502665027,13931.172354705126
489,2023-05-05,8962.0,1912.0,14217.19,0.7498,1.5863858513724616,11952.520672179247
490,2023-05-06,5031.0,1291.0,8902.54,0.8422,1.7695368713973367,5973.640465447637
491,2023-05-07,5563.0,1431.0,9302.11,0.8190999999999999,1.6721391335610283,6791.600537174949
492,2023-05-08,8938.0,1752.0,14952.74,0.65,1.6729402550906243,13750.76923076923
493,2023-05-09,9830.0,2024.0,14846.61,0.7059000000000001,1.5103367243133266,13925.485196203426
494,2023-05-10,9517.0,1938.0,12692.7,0.7265999999999999,1.3336870862666808,13097.990641343244
495,2023-05-11,9741.0,1965.0,13171.57,0.7475,1.3521784211066625,13031.4381270903
496,2023-05-12,7975.0,1697.0,12177.72,0.7631,1.5269868338557993,10450.792818765562
497,2023-05-13,4312.0,1074.0,8281.49,0.8658,1.9205681818181817,4980.3649803649805
498,2023-05-14,3999.0,963.0,7051.42,0.8305,1.763295823955989,4815.171583383504
499,2023-05-15,8353.0,1678.0,13907.529999999999,0.6433,1.6649742607446425,12984.610601585575
500,2023-05-16,9456.0,1996.0,14889.1,0.6516,1.57456641285956,14511.970534069982
501,2023-05-17,10253.0,2067.0,15396.28,0.6862,1.5016365941675607,14941.707956863887
502,2023-05-18,10743.0,2274.0,15498.21,0.7389,1.4426333426417202,14539.179861956964
503,2023-05-19,8889.0,1914.0,13185.36,0.7348,1.4833344583192711,12097.1692977681
504,2023-05-20,5390.0,1345.0,8350.82,0.7978000000000001,1.549317254174397,6756.079217849085
505,2023-05-21,4709.0,1126.0,8308.03,0.8093,1.7642875345083884,5818.608674162857
506,2023-05-22,8518.0,1690.0,15535.259999999998,0.6945,1.8238154496360646,12264.938804895608
507,2023-05-23,8665.0,1631.0,13423.72,0.6729999999999999,1.5491886901327176,12875.185735512632
508,2023-05-24,9435.0,1856.0,13987.31,0.6737000000000001,1.4824917859035505,14004.749888674483
509,2023-05-25,8851.0,1780.0,13308.89,0.6744,1.5036594735058184,13124.258600237248
510,2023-05-26,8029.0,1691.0,13301.52,0.7585,1.6566845186200025,10585.365853658537
511,2023-05-27,4043.0,965.0,7503.280000000001,0.8447,1.8558694039079893,4786.314667929442
512,2023-05-28,3780.0,951.0,8771.11,0.8336,2.320399470899471,4534.548944337812
513,2023-05-29,5186.0,1421.0,15224.75,0.7472,2.935740455071346,6940.578158458245
514,2023-05-30,9306.0,1862.0,17259.63,0.7075,1.8546776273372019,13153.356890459363
515,2023-05-31,8999.0,1923.0,14973.39,0.6855,1.6638948772085786,13127.64405543399
516,2023-06-01,9848.0,2047.0,15682.71,0.7173,1.5924766450040617,13729.262512198522
517,2023-06-02,9637.0,1892.0,15524.39,0.7543000000000001,1.6109152225796408,12776.083786291925
518,2023-06-03,6536.0,1535.0,12159.460000000001,0.8643000000000001,1.8603824969400247,7562.189054726367
519,2023-06-04,6600.0,1571.0,12573.45,0.8706,1.9050681818181818,7580.978635423845
520,2023-06-05,9078.0,1737.0,15052.98,0.7354,1.6581824190350296,12344.302420451455
521,2023-06-06,11097.0,2105.0,15809.69,0.7572,1.4246814454357033,14655.309033280508
522,2023-06-07,10705.0,2103.0,15656.89,0.7656999999999999,1.46257730032695,13980.671281180621
523,2023-06-08,10051.0,1974.0,14819.31,0.7731,1.4744115013431498,13000.905445608589
524,2023-06-09,8754.0,1669.0,12001.08,0.789,1.3709252912954077,11095.057034220532
525,2023-06-10,4697.0,1068.0,7469.63,0.8681,1.5902980625931447,5410.666973850939
526,2023-06-11,4669.0,996.0,7690.589999999999,0.8742,1.6471599914328547,5340.8830931137045
527,2023-06-12,9622.0,1848.0,13424.0,0.7184,1.395136146331324,13393.652561247216
528,2023-06-13,9751.0,1967.0,13497.720000000001,0.7343000000000001,1.384239565172803,13279.313632030504
529,2023-06-14,10345.0,2144.0,13906.03,0.7027,1.3442271628806186,14721.787391489968
530,2023-06-15,10739.0,2248.0,13788.42,0.7503,1.283957537945805,14312.94149007064
531,2023-06-16,10124.0,2052.0,14058.300000000001,0.7947,1.3886112208613197,12739.398515162955
532,2023-06-17,5314.0,1080.0,7921.83,0.8708,1.4907470831765148,6102.434542949012
533,2023-06-18,5560.0,1197.0,9227.68,0.8764,1.6596546762589928,6344.135098128709
534,2023-06-19,8144.0,1556.0,13361.04,0.7617,1.6405992141453831,10691.873440987265
535,2023-06-20,9774.0,1830.0,14005.62,0.765,1.4329465930018417,12776.470588235294
536,2023-06-21,9821.0,1916.0,14088.98,0.757,1.4345769269931778,12973.579920739761
537,2023-06-22,9697.0,1880.0,14930.21,0.7563,1.5396730947715787,12821.631627660981
538,2023-06-23,8877.0,1693.0,13937.13,0.8078,1.570027036160865,10989.106214409509
539,2023-06-24,5218.0,1036.0,8989.81,0.8881,1.722845917976236,5875.464474721315
540,2023-06-25,4755.0,915.0,9019.57,0.8806999999999999,1.8968601472134594,5399.1143408652215
541,2023-06-26,9462.0,1773.0,19803.97,0.6948000000000001,2.0930004227436063,13618.307426597581
542,2023-06-27,10074.0,1824.0,17671.22,0.7322,1.7541413539805442,13758.535919147775
543,2023-06-28,9835.0,1956.0,15464.4,0.7114,1.5723843416370107,13824.852403710991
544,2023-06-29,9132.0,1844.0,12667.41,0.7131000000000001,1.3871452036793692,12806.058056373578
545,2023-06-30,7655.0,1530.0,9166.37,0.7646999999999999,1.1974356629653822,10010.461618935531
546,2023-07-01,5172.0,1060.0,7845.150000000001,0.873,1.5168503480278424,5924.398625429553
547,2023-07-02,4468.0,781.0,6792.99,0.857,1.5203648164726946,5213.535589264878
548,2023-07-03,7379.0,1248.0,14421.33,0.7575,1.9543745765008809,9741.254125412543
549,2023-07-04,4605.0,887.0,10177.32,0.8719,2.210058631921824,5281.568987269182
550,2023-07-05,8525.0,1460.0,15016.130000000001,0.725,1.7614228739002933,11758.620689655172
551,2023-07-06,9481.0,1695.0,16313.630000000001,0.7044,1.7206655416095349,13459.681998864282
552,2023-07-07,8799.0,1560.0,15585.43,0.7642,1.7712728719172635,11514.001570269564
553,2023-07-08,5049.0,1030.0,10146.04,0.8869,2.0095147553971087,5692.862780471304
554,2023-07-09,4863.0,937.0,10087.220000000001,0.8702,2.0742792514908497,5588.3704895426345
555,2023-07-10,9118.0,1798.0,16730.19,0.7247,1.8348530379469181,12581.757968814682
556,2023-07-11,9891.0,1942.0,16188.720000000001,0.7132999999999999,1.6367121625720353,13866.535819430816
557,2023-07-12,9909.0,1936.0,15394.92,0.7509,1.553630033303058,13196.164602477027
558,2023-07-13,9949.0,1982.0,15624.310000000001,0.7492,1.570440245250779,13279.498131340097
559,2023-07-14,9591.0,1808.0,14068.6,0.7978000000000001,1.4668543426128662,12021.809977437953
560,2023-07-15,5546.0,1137.0,9022.61,0.8798,1.6268680129823296,6303.705387588088
561,2023-07-16,5828.0,1283.0,10835.4,0.8911,1.8591969800960877,6540.231174952306
562,2023-07-17,9211.0,1767.0,15110.18,0.775,1.6404494625990664,11885.16129032258
563,2023-07-18,9683.0,1844.0,14991.9,0.7726000000000001,1.5482701642053083,12533.005436189489
564,2023-07-19,9603.0,1965.0,16164.02,0.7572,1.683226075184838,12682.250396196514
565,2023-07-20,8840.0,1736.0,15426.94,0.6936,1.7451289592760182,12745.098039215687
566,2023-07-21,8312.0,1626.0,14478.400000000001,0.8038,1.7418671799807508,10340.880816123414
567,2023-07-22,4258.0,896.0,7485.55,0.8786,1.757996712071395,4846.346460277714
568,2023-07-23,4493.0,894.0,7930.98,0.875,1.7651858446472288,5134.857142857143
569,2023-07-24,9490.0,1817.0,19252.15,0.7996,2.028677555321391,11868.434217108555
570,2023-07-25,8846.0,1642.0,14507.66,0.6865000000000001,1.640024869997739,12885.651857246903
571,2023-07-26,9264.0,1717.0,13565.68,0.7045999999999999,1.464343696027634,13147.885325007099
572,2023-07-27,9210.0,1782.0,12809.31,0.775,1.3908045602605863,11883.870967741936
573,2023-07-28,8809.0,1769.0,12067.65,0.804,1.3699228062209103,10956.467661691542
574,2023-07-29,5075.0,1250.0,9434.82,0.8736,1.8590778325123152,5809.294871794871
575,2023-07-30,5557.0,1276.0,12145.43,0.9039,2.185609141623178,6147.803960615112
576,2023-07-31,7349.0,1411.0,10610.66,0.7794,1.4438236494761192,9429.047985629972
577,2023-08-01,9533.0,1748.0,11595.470000000001,0.6957,1.2163505716983112,13702.745436251258
578,2023-08-02,9336.0,1811.0,12470.01,0.6631999999999999,1.3356908740359899,14077.201447527143
579,2023-08-03,9922.0,1913.0,12854.98,0.7659999999999999,1.2956037089296513,12953.00261096606
580,2023-08-04,8686.0,1703.0,12237.51,0.7951,1.4088775040294728,10924.412023644823
581,2023-08-05,4177.0,959.0,6545.790000000001,0.8632,1.5671031841034238,4838.9712696941615
582,2023-08-06,4631.0,990.0,6684.22,0.8601000000000001,1.4433642841718852,5384.257644459946
583,2023-08-07,9052.0,1751.0,12301.25,0.7256,1.3589538223596995,12475.192943770671
584,2023-08-08,9978.0,2027.0,12308.17,0.7283,1.2335307676889156,13700.398187560073
585,2023-08-09,9224.0,1897.0,11357.14,0.6844,1.231259757155247,13477.49853886616
586,2023-08-10,10149.0,2118.0,12426.48,0.7345999999999999,1.2244043748152527,13815.6820038116
587,2023-08-11,8654.0,1845.0,12284.990000000002,0.7554000000000001,1.4195736075803098,11456.182155149589
588,2023-08-12,4699.0,946.0,6093.13,0.7898000000000001,1.2966865290487337,5949.607495568498
589,2023-08-13,5341.0,1171.0,10490.99,0.8608,1.9642370342632465,6204.693308550186
590,2023-08-14,8695.0,1726.0,15658.52,0.6581999999999999,1.8008648648648649,13210.270434518385
591,2023-08-15,9111.0,1894.0,15243.31,0.6886,1.6730666227636921,13231.193726401394
592,2023-08-16,9152.0,1824.0,15005.58,0.7023,1.6395957167832167,13031.468033603873
593,2023-08-17,9425.0,1947.0,15640.619999999999,0.7031000000000001,1.6594822281167108,13404.921063860047
594,2023-08-18,8616.0,1800.0,12881.42,0.7718,1.4950580315691737,11163.513863695258
595,2023-08-19,4182.0,970.0,6973.0199999999995,0.8432,1.6673888091822093,4959.677419354839
596,2023-08-20,4203.0,1041.0,11149.38,0.8589,2.65271948608137,4893.468389800908
597,2023-08-21,8668.0,1783.0,15629.84,0.7225,1.8031656668204892,11997.231833910035
598,2023-08-22,9475.0,1935.0,18385.2,0.6962999999999999,1.9403905013192613,13607.64038489157
599,2023-08-23,9369.0,1929.0,16871.8,0.7236,1.800811185825595,12947.76119402985
600,2023-08-24,9276.0,1955.0,17259.370000000003,0.7412000000000001,1.8606479085812853,12514.840798704801
601,2023-08-25,8370.0,1675.0,16163.81,0.7787999999999999,1.9311600955794503,10747.303543913715
602,2023-08-26,4456.0,1044.0,9300.73,0.857,2.0872374326750447,5199.53325554259
603,2023-08-27,4353.0,892.0,7924.080000000001,0.8244,1.8203721571330118,5280.203784570596
604,2023-08-28,9261.0,1879.0,23432.87,0.8007,2.5302742684375334,11566.129636568003
605,2023-08-29,8828.0,1715.0,19787.1,0.6906,2.241402356139556,12783.087170576311
606,2023-08-30,7783.0,1633.0,17400.57,0.6486,2.2357150199151996,11999.691643539933
607,2023-08-31,7856.0,1623.0,13143.0,0.6502,1.6729887983706722,12082.43617348508
608,2023-09-01,7507.0,1550.0,14529.349999999999,0.7723,1.9354402557612893,9720.315939401788
609,2023-09-02,4295.0,926.0,8237.0,0.8519,1.9178114086146683,5041.671557694565
610,2023-09-03,4267.0,878.0,7859.389999999999,0.8487,1.8419006327630651,5027.689407328856
611,2023-09-04,5510.0,1254.0,13986.0,0.7473000000000001,2.538294010889292,7373.210223471162
612,2023-09-05,8962.0,1783.0,15959.53,0.6875,1.7808000446328944,13035.636363636364
613,2023-09-06,9553.0,1893.0,16517.66,0.6534,1.7290547471998325,14620.446893174167
614,2023-09-07,10331.0,2028.0,16357.04,0.706,1.5832968734875619,14633.14447592068
615,2023-09-08,9766.0,1955.0,15374.710000000001,0.7603,1.5743098505017408,12844.92963303959
616,2023-09-09,5567.0,1193.0,9063.54,0.8339,1.628083348302497,6675.860414917856
617,2023-09-10,5512.0,1128.0,8615.53,0.8301999999999999,1.5630497097242382,6639.364008672609
618,2023-09-11,9442.0,1729.0,15304.73,0.7276,1.62092035585681,12976.910390324354
619,2023-09-12,9960.0,1902.0,15748.990000000002,0.7221,1.5812238955823295,13793.103448275862
620,2023-09-13,9644.0,1867.0,16065.58,0.6901999999999999,1.6658627125673995,13972.761518400464
621,2023-09-14,9111.0,1881.0,15971.61,0.7334,1.7530029634507738,12422.961548950094
622,2023-09-15,8297.0,1645.0,15119.130000000001,0.7726000000000001,1.8222405688803183,10739.062904478384
623,2023-09-16,4313.0,923.0,7400.13,0.8562000000000001,1.715773243681892,5037.3744452230785
624,2023-09-17,4477.0,975.0,10902.25,0.872,2.435168639714094,5134.174311926606
625,2023-09-18,9669.0,1808.0,17270.190000000002,0.6949,1.7861402420105494,13914.232263635056
626,2023-09-19,9444.0,1912.0,16262.880000000001,0.6823,1.722033036848793,13841.418730763593
627,2023-09-20,9838.0,1933.0,14644.92,0.6848000000000001,1.4886074405366945,14366.238317757008
628,2023-09-21,9556.0,1961.0,14246.62,0.7172,1.490856006697363,13324.03792526492
629,2023-09-22,9098.0,1955.0,15044.97,0.6886,1.653656847658826,13212.314841707814
630,2023-09-23,5805.0,1331.0,10194.52,0.828,1.7561619293712318,7010.869565217392
631,2023-09-24,5718.0,1291.0,10247.04,0.8099,1.7920671563483737,7060.1308803556
632,2023-09-25,8330.0,1647.0,14185.89,0.7184999999999999,1.702987995198079,11593.597773138485
633,2023-09-26,7962.0,1698.0,14304.82,0.6753,1.796636523486561,11790.315415370946
634,2023-09-27,8448.0,1689.0,13222.960000000001,0.684,1.5652178030303032,12350.877192982454
635,2023-09-28,8406.0,1705.0,12946.289999999999,0.6889,1.5401249107780155,12202.061257076499
636,2023-09-29,7658.0,1545.0,10445.32,0.7311,1.3639749281796814,10474.62727397073
637,2023-09-30,3995.0,835.0,5267.3,0.7997,1.3184730913642053,4995.623358759535
638,2023-10-01,4189.0,852.0,9912.7,0.8468000000000001,2.366364287419432,4946.858762399622
639,2023-10-02,8229.0,1552.0,11653.51,0.6284000000000001,1.4161514157248756,13095.162316995542
640,2023-10-03,9324.0,1787.0,12492.05,0.6686,1.3397737022737022,13945.55788214179
641,2023-10-04,9221.0,1791.0,10774.67,0.6740999999999999,1.1684925713046308,13678.97937991396
642,2023-10-05,9431.0,1856.0,10334.42,0.6466,1.095792598876047,14585.524280853697
643,2023-10-06,8677.0,1763.0,9343.720000000001,0.6931,1.0768376166877955,12519.117010532389
644,2023-10-07,4892.0,1009.0,5639.13,0.7807999999999999,1.1527248569092396,6265.368852459017
645,2023-10-08,5321.0,1001.0,6314.24,0.7807999999999999,1.1866641608720165,6814.805327868853
646,2023-10-09,8272.0,1513.0,14057.31,0.6759000000000001,1.699384671179884,12238.496819056072
647,2023-10-10,8638.0,1621.0,12958.15,0.6822,1.5001331326695995,12661.975960128993
648,2023-10-11,8844.0,1560.0,13159.13,0.6835,1.4879161013116236,12939.283101682517
649,2023-10-12,8690.0,1467.0,11060.42,0.6847,1.2727756041426928,12691.689791149409
650,2023-10-13,8112.0,1333.0,10285.4,0.7508,1.2679240631163708,10804.475226425146
651,2023-10-14,4245.0,764.0,6637.08,0.8122,1.5635053003533568,5226.545185914799
652,2023-10-15,4396.0,836.0,7864.04,0.8066,1.7889080982711556,5450.03719315646
653,2023-10-16,9853.0,1784.0,13716.72,0.6639,1.39213640515579,14841.090525681577
654,2023-10-17,10006.0,1764.0,13582.62,0.6148,1.3574475314811114,16275.211450878334
655,2023-10-18,9989.0,1834.0,15083.960000000001,0.6466,1.510057062769046,15448.499845344882
656,2023-10-19,9779.0,1741.0,15578.08,0.6853,1.5930136005726556,14269.662921348314
657,2023-10-20,9429.0,1677.0,15252.12,0.7231000000000001,1.617575564747057,13039.690222652467
658,2023-10-21,5315.0,1058.0,9530.15,0.7894,1.7930667920978363,6732.9617430960225
659,2023-10-22,6626.0,1213.0,10617.83,0.7716,1.6024494415937216,8587.350959046138
660,2023-10-23,9681.0,1696.0,20719.559999999998,0.6899,2.140229315153393,14032.46847369184
661,2023-10-24,9484.0,1748.0,20607.61,0.649,2.172881695487136,14613.251155624037
662,2023-10-25,9730.0,1747.0,19469.94,0.6940000000000001,2.001021582733813,14020.172910662823
663,2023-10-26,9249.0,1680.0,19086.77,0.672,2.0636576927235377,13763.392857142857
664,2023-10-27,8165.0,1495.0,17165.510000000002,0.6505,2.102328230251072,12551.883166794774
665,2023-10-28,4442.0,893.0,10248.33,0.8045,2.3071431787483117,5521.441889372281
666,2023-10-29,4599.0,906.0,13970.329999999998,0.8412999999999999,3.0376886279626003,5466.539878759064
667,2023-10-30,8837.0,1636.0,17946.4,0.6731,2.030824940590698,13128.807012331004
668,2023-10-31,8560.0,1727.0,16714.07,0.6568999999999999,1.9525782710280373,13030.90272492008
669,2023-11-01,9257.0,1765.0,17167.3,0.5906,1.8545209031003564,15673.890958347443
670,2023-11-02,9194.0,1767.0,16274.18,0.6161,1.7700870132695237,14922.902126278203
671,2023-11-03,8397.0,1665.0,15799.9,0.6565000000000001,1.8816124806478505,12790.555978674789
672,2023-11-04,5187.0,1017.0,9288.57,0.7705,1.7907403123192596,6731.9922128488
673,2023-11-05,5469.0,1117.0,9526.74,0.7755,1.7419528250137135,7052.224371373308
674,2023-11-06,8867.0,1654.0,15824.46,0.6505,1.7846464418630879,13631.053036126057
675,2023-11-07,9900.0,1872.0,16386.71,0.6476000000000001,1.6552232323232323,15287.214329833228
676,2023-11-08,9180.0,1744.0,15866.81,0.6503,1.7284106753812636,14116.561586959864
677,2023-11-09,9535.0,1751.0,15949.93,0.6742,1.6727771368641846,14142.687629783446
678,2023-11-10,8121.0,1514.0,14509.150000000001,0.7223,1.786621105775151,11243.2507268448
679,2023-11-11,4536.0,944.0,8273.27,0.7970999999999999,1.823913139329806,5690.6285284155065
680,2023-11-12,4882.0,946.0,9406.630000000001,0.7938,1.9267984432609588,6150.163769211389
681,2023-11-13,8266.0,1568.0,15784.99,0.6373,1.909628599080571,12970.343637219521
682,2023-11-14,8853.0,1734.0,16246.79,0.6342,1.8351733875522422,13959.318826868495
683,2023-11-15,9106.0,1731.0,15185.82,0.6659,1.6676718647045903,13674.725934825048
684,2023-11-16,9311.0,1750.0,15923.14,0.6714,1.7101428418000215,13868.036937742032
685,2023-11-17,8865.0,1719.0,15250.51,0.6598,1.7203056965595036,13435.889663534403
686,2023-11-18,5448.0,1096.0,9503.08,0.8055,1.744324522760646,6763.500931098696
687,2023-11-19,5326.0,1043.0,9446.55,0.8046,1.7736669170108899,6619.438230176485
688,2023-11-20,8467.0,1494.0,13515.400000000001,0.684,1.5962442423526635,12378.654970760233
689,2023-11-21,8446.0,1603.0,13553.91,0.6898000000000001,1.60477267345489,12244.128732966075
690,2023-11-22,7429.0,1288.0,10875.4,0.7376,1.463911697402073,10071.854663774404
691,2023-11-23,3587.0,624.0,5700.3,0.8140999999999999,1.5891552829662672,4406.092617614544
692,2023-11-24,4846.0,875.0,10141.02,0.8420000000000001,2.092657862154354,5755.344418052256
693,2023-11-25,3919.0,713.0,8811.15,0.8739,2.2483158969124775,4484.494793454629
694,2023-11-26,6761.0,1532.0,12497.830000000002,0.7729,1.8485179707143917,8747.574071678095
695,2023-11-27,8780.0,1736.0,16313.77,0.6838,1.8580603644646925,12840.01169932729
696,2023-11-28,9519.0,1969.0,16177.6,0.6563,1.6995062506565817,14504.037787597135
697,2023-11-29,9676.0,2065.0,14907.69,0.6289,1.5406872674658951,15385.59389410081
698,2023-11-30,9763.0,2003.0,12019.859999999999,0.6332,1.2311646010447608,15418.509159823121
699,2023-12-01,7074.0,1629.0,7582.27,0.5479999999999999,1.071850438224484,12908.759124087594
700,2023-12-02,5090.0,1103.0,5329.62,0.7333,1.0470766208251474,6941.224601118233
701,2023-12-03,5027.0,1218.0,6567.0199999999995,0.7490000000000001,1.3063497115575888,6711.6154873164205
702,2023-12-04,10457.0,2027.0,20487.82,0.7859999999999999,1.9592445251984316,13304.07124681934
703,2023-12-05,10707.0,2176.0,23161.23,0.7739,2.1631857663210985,13835.120816642977
704,2023-12-06,10766.0,2095.0,30431.93,0.7918999999999999,2.8266700724503067,13595.15090289178
705,2023-12-07,10480.0,2128.0,26789.44,0.7757999999999999,2.5562442748091603,13508.636246455273
706,2023-12-08,9232.0,1829.0,24177.58,0.8126000000000001,2.618888648180243,11361.063253753382
707,2023-12-09,4844.0,1103.0,15647.609999999999,0.8817,3.23030759702725,5493.932176477259
708,2023-12-10,5071.0,1087.0,15374.289999999999,0.8743000000000001,3.03180634983238,5800.068626329635
709,2023-12-11,10233.0,2049.0,28095.93,0.7045,2.7456200527704486,14525.195173882186
710,2023-12-12,10485.0,2126.0,28612.190000000002,0.7055,2.728868860276586,14861.800141743444
711,2023-12-13,10574.0,2061.0,28461.21,0.6934,2.6916219027804047,15249.495240842227
712,2023-12-14,11776.0,2460.0,28703.289999999997,0.7019,2.4374397078804346,16777.31870636843
713,2023-12-15,9824.0,2065.0,24227.12,0.7674,2.466115635179153,12801.667969768048
714,2023-12-16,5401.0,1347.0,15060.46,0.8486,2.788457693019811,6364.600518501061
715,2023-12-17,6397.0,1551.0,18326.120000000003,0.8752,2.864799124589652,7309.18647166362
716,2023-12-18,6320.0,1459.0,8612.14,0.5593,1.3626803797468354,11299.839084569998
717,2023-12-19,6545.0,1480.0,7967.7,0.5519,1.217372039724981,11859.03243341185
718,2023-12-20,6217.0,1413.0,7347.610000000001,0.5643,1.181857809232749,11017.189438242069
719,2023-12-21,6388.0,1407.0,6746.6900000000005,0.5932,1.0561505948653727,10768.71207012812
720,2023-12-22,5561.0,1176.0,5540.68,0.6313,0.9963459809386801,8808.807223190242
721,2023-12-23,3227.0,791.0,3271.08,0.7003,1.013659745894019,4608.025132086249
722,2023-12-24,2673.0,639.0,3121.41,0.7323000000000001,1.1677553310886644,3650.1433838590738
723,2023-12-25,2690.0,567.0,2817.6,0.6470999999999999,1.0474349442379183,4157.008190387885
724,2023-12-26,5074.0,998.0,3991.37,0.5845,0.7866318486401261,8680.923866552608
725,2023-12-27,7013.0,1538.0,9682.62,0.6643000000000001,1.3806673320975333,10556.977269306035
726,2023-12-28,7174.0,1656.0,10709.6,0.6418,1.4928352383607473,11177.937052041134
727,2023-12-29,6552.0,1467.0,9111.93,0.7023999999999999,1.390709706959707,9328.018223234625
728,2023-12-30,4262.0,981.0,6079.49,0.7737999999999999,1.426440638198029,5507.883173946757
729,2023-12-31,3790.0,863.0,7121.860000000001,0.823,1.879118733509235,4605.103280680438
730,2024-01-01,4386.0,1002.0,13342.82,0.8797,3.042138622891017,4985.790610435375
731,2024-01-02,7817.0,1532.0,20318.48,0.69,2.5992682614813867,11328.985507246378
732,2024-01-03,8721.0,1806.0,20270.35,0.7159,2.3243148721476894,12181.868976113983
733,2024-01-04,9249.0,1845.0,20190.45,0.7184,2.182987349983782,12874.443207126948
734,2024-01-05,8182.0,1689.0,19513.42,0.6969,2.384920557320948,11740.565360883915
735,2024-01-06,4576.0,1202.0,13813.2,0.8642,3.0186188811188814,5295.070585512613
736,2024-01-07,4868.0,1200.0,14678.7,0.8732,3.015345110928513,5574.896930829134
737,2024-01-08,9098.0,2121.0,19561.9,0.7015,2.1501318971202465,12969.351389878831
738,2024-01-09,8731.0,1947.0,19507.8,0.6548999999999999,2.234314511510709,13331.806382653842
739,2024-01-10,9554.0,2109.0,19386.559999999998,0.6757,2.0291563742934895,14139.410981204677
740,2024-01-11,9714.0,2261.0,19371.8,0.7232999999999999,1.9942145357216388,13430.1119867275
741,2024-01-12,8814.0,2363.0,18920.32,0.6846,2.1466212843203993,12874.67134092901
742,2024-01-13,5833.0,1621.0,12875.56,0.8565,2.207364992285273,6810.274372446001
743,2024-01-14,5767.0,1524.0,13701.55,0.8606,2.375853996878793,6701.138740413665
744,2024-01-15,7866.0,1850.0,18906.2,0.8133,2.403534197813374,9671.70785687938
745,2024-01-16,10114.0,2227.0,18849.57,0.7343999999999999,1.8637106980423175,13771.78649237473
746,2024-01-17,13119.0,2922.0,47128.24,0.6954,3.592365271743273,18865.401207937877
747,2024-01-18,14747.0,3136.0,52276.229999999996,0.9569,3.5448721773920115,15411.223743337861
748,2024-01-19,10530.0,2233.0,37151.84,0.9437000000000001,3.5281899335232665,11158.20705732754
749,2024-01-20,4422.0,1379.0,19866.690000000002,0.40490000000000004,4.492693351424696,10921.21511484317
750,2024-01-21,4494.0,1344.0,19025.64,0.3862,4.233564753004005,11636.457793889176
751,2024-01-22,8409.0,1700.0,31176.01,0.5802,3.707457486026876,14493.278179937952
752,2024-01-23,4903.0,1255.0,16856.75,0.1207,3.4380481337956352,40621.375310687654
753,2024-01-24,5531.0,1454.0,17234.27,0.1736,3.1159410594829144,31860.599078341013
754,2024-01-25,5429.0,1354.0,16114.87,0.1777,2.968294345183275,30551.491277433877
755,2024-01-26,5368.0,1274.0,15247.29,0.19760000000000003,2.8404042473919526,27165.991902834005
756,2024-01-27,3159.0,936.0,14529.380000000001,0.156,4.599360557138335,20250.0
757,2024-01-28,2921.0,860.0,14626.02,0.1789,5.007196165696679,16327.557294577977
758,2024-01-29,4996.0,1107.0,14783.23,0.1209,2.959013210568455,41323.40777502068
759,2024-01-30,4843.0,1102.0,13892.279999999999,0.1153,2.8685277720421225,42003.469210754556
760,2024-01-31,4589.0,992.0,12858.89,0.1383,2.8021115711483984,33181.489515545916
761,2024-02-01,9987.0,2296.0,33733.990000000005,0.2788,3.3777901271653152,35821.37733142037
762,2024-02-02,7021.0,1539.0,24826.41,0.4285,3.5360219341974077,16385.064177362896
763,2024-02-03,4237.0,1221.0,20483.16,0.3029,4.834354496105735,13988.114889402443
764,2024-02-04,4831.0,1413.0,22128.440000000002,0.3287,4.580509211343408,14697.292363857621
765,2024-02-05,8152.0,2056.0,28223.260000000002,0.2871,3.4621270853778214,28394.28770463253
766,2024-02-06,8523.0,2096.0,27814.22,0.2796,3.2634307168837267,30482.83261802575
767,2024-02-07,7264.0,1822.0,23401.59,0.28350000000000003,3.221584526431718,25622.574955908287
768,2024-02-08,7584.0,1877.0,22133.38,0.2901,2.918430907172996,26142.709410548086
769,2024-02-09,6914.0,1660.0,19301.62,0.3119,2.791671969916112,22167.36133376082
770,2024-02-10,4162.0,1176.0,15214.640000000001,0.3809,3.655607880826526,10926.752428458913
771,2024-02-11,3623.0,993.0,14579.51,0.3533,4.024154016008833,10254.741013303143
772,2024-02-12,6514.0,1618.0,20767.86,0.2718,3.188188517040221,23966.151582045622
773,2024-02-13,7021.0,1824.0,21284.5,0.26280000000000003,3.0315482125053412,26716.133942161337
774,2024-02-14,6705.0,1803.0,19602.72,0.29710000000000003,2.9235973154362416,22568.15886906765
775,2024-02-15,7274.0,2049.0,21035.5,0.2816,2.891875171844927,25830.965909090908
776,2024-02-16,7191.0,1848.0,18065.96,0.2804,2.512301487971075,25645.50641940086
777,2024-02-17,4614.0,1253.0,7583.74,0.7575,1.6436367576939748,6091.089108910892
778,2024-02-18,5388.0,1477.0,7872.219999999999,0.7633,1.4610653303637713,7058.823529411765
779,2024-02-19,7835.0,2127.0,12211.73,0.6618,1.5586126356094447,11838.924146267753
780,2024-02-20,8709.0,2294.0,12045.59,0.6339,1.3831197611666093,13738.760056791292
781,2024-02-21,8838.0,2149.0,11745.85,0.629,1.3290167458701063,14050.87440381558
782,2024-02-22,8442.0,2045.0,11548.9,0.6361,1.36802890310353,13271.49819210816
783,2024-02-23,8318.0,1945.0,10296.839999999998,0.6803,1.2378985333012742,12226.958694693518
784,2024-02-24,5123.0,1425.0,7752.139999999999,0.7591,1.513203201249268,6748.781451719141
785,2024-02-25,5102.0,1393.0,7581.91,0.7595000000000001,1.4860662485299883,6717.577353522053
786,2024-02-26,8250.0,2097.0,12007.86,0.6339,1.4554981818181818,13014.671083767154
787,2024-02-27,8429.0,2099.0,11524.4,0.6408,1.367232174635188,13153.870162297128
788,2024-02-28,10366.0,2605.0,20221.84,0.6496,1.9507852595022188,15957.512315270937
789,2024-02-29,10547.0,2678.0,23690.739999999998,0.8184,2.246206504219209,12887.341153470186
790,2024-03-01,6658.0,1377.0,16640.82,0.32909999999999995,2.499372183838991,20230.93284715892
791,2024-03-02,5358.0,1506.0,14868.210000000001,0.7929,2.7749552071668533,6757.472569050321
792,2024-03-03,5553.0,1529.0,15234.41,0.8426,2.743455789663245,6590.3156895324
793,2024-03-04,9182.0,2207.0,17923.3,0.7315999999999999,1.9520039207144413,12550.574084199017
794,2024-03-05,9680.0,2428.0,18875.18,0.7336,1.9499152892561984,13195.201744820064
795,2024-03-06,9067.0,2198.0,18425.15,0.7312000000000001,2.0321109518032427,12400.164113785557
796,2024-03-07,8998.0,2257.0,18415.14,0.6962999999999999,2.0465814625472327,12922.590837282782
797,2024-03-08,7983.0,2052.0,16921.48,0.7293999999999999,2.119689339847175,10944.612009871127
798,2024-03-09,5050.0,1295.0,11510.960000000001,0.809,2.2793980198019805,6242.274412855377
799,2024-03-10,4765.0,1197.0,11856.460000000001,0.8201999999999999,2.488239244491081,5809.558644233114
800,2024-03-11,7755.0,1701.0,20102.31,0.6183,2.592174081237911,12542.455118874333
801,2024-03-12,9267.0,2068.0,19084.24,0.7162999999999999,2.059376281428726,12937.316766717857
802,2024-03-13,9470.0,2391.0,18648.44,0.7081999999999999,1.9692122492080253,13371.928833662809
803,2024-03-14,10167.0,2495.0,18479.510000000002,0.7322,1.8175971279630179,13885.550396066648
804,2024-03-15,9348.0,2488.0,17583.95,0.7468,1.8810387248609328,12517.407605784681
805,2024-03-16,5096.0,1498.0,10192.699999999999,0.8212,2.0001373626373624,6205.552849488553
806,2024-03-17,5302.0,1505.0,11077.92,0.7994,2.089385137683893,6632.474355766825
807,2024-03-18,10243.0,2293.0,21855.34,0.7705,2.1336854437176607,13293.964957819599
808,2024-03-19,9914.0,2175.0,18941.52,0.7232999999999999,1.9105830139197095,13706.622424996545
809,2024-03-20,9644.0,2290.0,17653.13,0.7143999999999999,1.8304780174201578,13499.440089585667
810,2024-03-21,9915.0,2348.0,17538.17,0.74,1.7688522440746342,13398.648648648648
811,2024-03-22,8640.0,2050.0,15000.36,0.7605,1.7361527777777779,11360.94674556213
812,2024-03-23,4889.0,1325.0,10203.560000000001,0.8312,2.0870443853548784,5881.857555341674
813,2024-03-24,5655.0,1405.0,16117.76,0.8782,2.850178603006189,6439.307674789342
814,2024-03-25,8995.0,2183.0,17964.27,0.6574,1.9971395219566426,13682.689382415578
815,2024-03-26,9689.0,2289.0,18599.17,0.7003,1.9196170915471151,13835.49907182636
816,2024-03-27,10174.0,2389.0,17558.18,0.7073,1.7257892667584038,14384.278241198925
817,2024-03-28,10561.0,2616.0,17442.21,0.7265,1.651568033330177,14536.820371644872
818,2024-03-29,7768.0,1927.0,12403.64,0.7548999999999999,1.596761071060762,10290.104649622468
819,2024-03-30,5042.0,1379.0,10058.76,0.8184999999999999,1.9949940499801666,6160.0488698839345
820,2024-03-31,4856.0,1174.0,10192.87,0.8347,2.0990259472817137,5817.659039175752
821,2024-04-01,7923.0,1678.0,14206.5,0.4511,1.7930708065126846,17563.733096874308
822,2024-04-02,9080.0,2107.0,15112.8,0.6628000000000001,1.6644052863436123,13699.456849728424
823,2024-04-03,9409.0,2242.0,16132.9,0.7009000000000001,1.7146242958869167,13424.168925666998
824,2024-04-04,9353.0,2241.0,15454.0,0.6747,1.6523040735592858,13862.45738846895
825,2024-04-05,8022.0,1880.0,12457.26,0.7018000000000001,1.5528870605833958,11430.607010544312
826,2024-04-06,4989.0,1196.0,8090.36,0.7996,1.6216396071356984,6239.3696848424215
827,2024-04-07,4926.0,1197.0,9409.619999999999,0.7925,1.910194884287454,6215.77287066246
828,2024-04-08,8494.0,1974.0,16686.64,0.6591,1.9645208382387567,12887.270520406615
829,2024-04-09,9545.0,2377.0,18581.95,0.6576000000000001,1.9467731796752228,14514.902676399026
830,2024-04-10,9407.0,2332.0,17163.15,0.6598,1.8245083448495802,14257.350712337071
831,2024-04-11,8841.0,2185.0,16992.02,0.6103999999999999,1.921956792218075,14483.944954128441
832,2024-04-12,8555.0,2259.0,15332.810000000001,0.7023,1.792263004091175,12181.403958422326
833,2024-04-13,5857.0,1581.0,10266.14,0.8067,1.7527983609356326,7260.443783314739
834,2024-04-14,5779.0,1624.0,11962.900000000001,0.8059000000000001,2.070064024917806,7170.864871572155
835,2024-04-15,8965.0,2025.0,16228.87,0.695,1.8102476296709427,12899.28057553957
836,2024-04-16,9408.0,2140.0,17141.86,0.6947,1.8220514455782313,13542.536346624442
837,2024-04-17,9994.0,2294.0,16410.0,0.6972,1.6419851911146688,14334.480780263912
838,2024-04-18,9764.0,2288.0,16410.329999999998,0.7018000000000001,1.6806974600573534,13912.79566828156
839,2024-04-19,8426.0,2091.0,14175.34,0.7137,1.6823332542131497,11806.080986408855
840,2024-04-20,4629.0,1243.0,8583.75,0.7927,1.8543421905379132,5839.535763845087
841,2024-04-21,4324.0,1137.0,8747.04,0.78,2.022904717853839,5543.589743589743
842,2024-04-22,9257.0,2233.0,17720.0,0.6174000000000001,1.914227071405423,14993.521218011012
843,2024-04-23,10743.0,2567.0,17082.48,0.6878,1.5901033230941077,15619.366094795
844,2024-04-24,11151.0,2674.0,16514.039999999997,0.7132,1.480947000269034,15635.16545148626
845,2024-04-25,11098.0,2703.0,15994.67,0.68,1.4412209407100378,16320.588235294117
846,2024-04-26,9863.0,2344.0,12881.130000000001,0.7175,1.3060052722295448,13746.341463414634
847,2024-04-27,6319.0,1929.0,11607.949999999999,0.7848999999999999,1.8369916125969297,8050.707096445408
848,2024-04-28,5740.0,1748.0,11235.73,0.7844,1.95744425087108,7317.69505354411
849,2024-04-29,9682.0,2285.0,15463.99,0.7093,1.5971896302416855,13650.077541237839
850,2024-04-30,10052.0,2425.0,19371.72,0.7284999999999999,1.9271508157580581,13798.21551132464
851,2024-05-01,9268.0,2285.0,17706.7,0.7199,1.9105200690548123,12874.010279205446
852,2024-05-02,9080.0,2199.0,16447.85,0.6794,1.8114372246696033,13364.733588460405
853,2024-05-03,7749.0,1980.0,13821.26,0.7071,1.7836185314234094,10958.845990666101
854,2024-05-04,4078.0,1099.0,8420.38,0.7797,2.064830799411476,5230.216750032064
855,2024-05-05,4725.0,1325.0,12379.91,0.7842,2.6200867724867725,6025.248661055853
856,2024-05-06,8686.0,2105.0,16866.87,0.6352,1.9418454985033387,13674.433249370277
857,2024-05-07,8640.0,2084.0,17061.45,0.6459999999999999,1.974704861111111,13374.613003095978
858,2024-05-08,8962.0,2455.0,17143.3,0.6288,1.9128877482704754,14252.544529262086
859,2024-05-09,8793.0,2332.0,16860.47,0.6585,1.917487774365973,13353.075170842825
860,2024-05-10,8625.0,2209.0,15388.66,0.6979000000000001,1.784192463768116,12358.504083679609
861,2024-05-11,5175.0,1629.0,11657.13,0.7870999999999999,2.2525855072463767,6574.768136196164
862,2024-05-12,5437.0,1594.0,10920.8,0.8009000000000001,2.00860768806327,6788.612810588088
863,2024-05-13,8610.0,2064.0,15740.61,0.6826000000000001,1.828177700348432,12613.536478171694
864,2024-05-14,9035.0,2145.0,16271.59,0.6711,1.800950747094632,13462.971241245716
865,2024-05-15,9621.0,2333.0,15777.52,0.6890999999999999,1.6399043758445069,13961.68915977362
866,2024-05-16,8992.0,2284.0,16968.56,0.6975,1.8870729537366548,12891.756272401433
867,2024-05-17,7424.0,1859.0,12736.230000000001,0.7068000000000001,1.715548221982759,10503.67855121675
868,2024-05-18,4145.0,1177.0,8451.99,0.7759999999999999,2.03908082026538,5341.494845360825
869,2024-05-19,4604.0,1196.0,10947.22,0.7904000000000001,2.377762814943527,5824.898785425101
870,2024-05-20,8498.0,1983.0,17740.260000000002,0.664,2.0875806072016947,12798.192771084337
871,2024-05-21,9343.0,2320.0,17294.03,0.6578,1.8510146633843518,14203.40529036181
872,2024-05-22,9570.0,2402.0,17566.75,0.6623,1.8356060606060607,14449.645175902158
873,2024-05-23,9038.0,2319.0,17222.23,0.6397999999999999,1.905535516707236,14126.289465457958
874,2024-05-24,7856.0,2117.0,14385.25,0.6695,1.8311163441955194,11734.129947722182
875,2024-05-25,4700.0,1371.0,9466.89,0.7659999999999999,2.014231914893617,6135.770234986946
876,2024-05-26,4836.0,1369.0,9773.56,0.7689,2.021000827129859,6289.50448692938
877,2024-05-27,4452.0,1178.0,9735.86,0.7495,2.186850853548967,5939.959973315543
878,2024-05-28,8307.0,1833.0,17982.47,0.6501,2.164736968821476,12778.034148592524
879,2024-05-29,9459.0,2123.0,18831.079999999998,0.7106,1.9908108679564434,13311.28623698283
880,2024-05-30,9510.0,2134.0,17773.78,0.6942,1.8689568874868558,13699.222126188417
881,2024-05-31,8156.0,1747.0,12808.81,0.6936,1.5704769494850417,11758.938869665513
882,2024-06-01,4028.0,988.0,8241.04,0.7340000000000001,2.0459384309831186,5487.738419618528
