Date,Spend Actual,Actual CPC,Predicted CPC Actual,Predicted Clicks Actual,ROI Actual
2022-01-14,10500.47,10.74766632548618,10.74766632548618,977.0000000000001,-2295.411937810599
2022-01-15,7742.65,13.900628366247757,13.935435172714032,555.6087703066728,-3076.5269496131987
2022-01-16,8099.69,17.381309012875537,17.342334524145365,467.04727029241496,-4177.325649399865
2022-01-17,13105.69,11.268865004299226,11.268865004299228,1163.0,-3338.5635656844715
2022-01-18,13481.685000000001,11.177333454716956,11.924563476568235,1130.5810083942704,-3986.8202938755076
2022-01-19,13857.68,11.085801905134687,12.282866366465779,1128.212225595299,-4382.708845976096
2022-01-20,14233.675,10.994270355552418,11.260701300113038,1264.0131924871428,-3618.217849815359
2022-01-21,14609.67,10.902738805970149,10.923694657173362,1337.4293641946624,-3377.64790450946
2022-01-22,10414.02,13.05015037593985,13.050150375939856,797.9999999999997,-3712.2427905556415
2022-01-23,11946.759999999998,12.873663793103448,12.846701813557509,929.9476374077761,-4136.857891784381
2022-01-24,10499.22,15.485575221238935,15.530000266677826,676.0605164011365,-4821.517041325409
2022-01-25,3427.46,8.972408376963351,8.972408376963351,382.0,-219.34108520332575
2022-01-26,3486.98,8.940974358974358,8.940974358974358,390.0,-211.67534876779337
2022-01-27,2469.58,7.669503105590062,7.688268024156329,321.21408778162345,228.04563013451707
2022-01-28,1814.09,8.208552036199094,8.23923362110026,220.1770314358131,35.00450040056012
2022-01-29,1714.06,11.276710526315789,11.269392883995703,152.09869933936127,-436.70210924979756
2022-01-30,1621.82,11.032789115646258,11.017406479964247,147.20524317128243,-385.5584162957193
2022-01-31,3789.76,9.545994962216623,9.506993415955801,398.62865515816605,-441.990029861588
2022-02-01,4226.14,9.147489177489176,9.154702065755018,461.6359953218704,-349.22071114376604
2022-02-02,10644.79,10.752313131313132,10.776966602564103,987.7352684258431,-2349.5748234326784
2022-02-03,10383.06,11.224929729729729,11.224929729729732,924.9999999999998,-2614.7092246415623
2022-02-04,10000.39,11.82079196217494,11.803892037779917,847.2112391398048,-2885.326122741528
2022-02-05,9355.49,14.68679748822606,14.686797488226052,637.0000000000003,-4005.825736320726
2022-02-06,9784.53,12.608930412371135,12.60981089991409,775.9458153386473,-3267.968620300415
2022-02-07,9905.39,13.606304945054944,13.606304945054948,727.9999999999998,-3791.4879843665485
2022-02-08,11473.86,13.747950129609475,12.516734302677143,916.6815978146882,-3775.368971739951
2022-02-09,13042.33,13.889595314164003,13.915036647901523,937.2831944331865,-5170.822291669752
2022-02-10,12957.09,13.385423553719008,13.385423553719,968.0000000000006,-4827.615891300569
2022-02-11,12439.21,16.154818181818182,16.15481818181818,770.0000000000001,-5972.5828680800005
2022-02-12,10669.07,19.5762752293578,19.57627522935781,544.9999999999997,-6092.041705329355
2022-02-13,10311.69,18.782677595628414,18.79061357196573,548.7681368417003,-5703.016074241916
2022-02-14,12497.325,16.396567805447795,16.7257723881489,747.1897087906697,-6222.263644730979
2022-02-15,14682.96,14.010458015267176,14.011289943051016,1047.9377744432518,-5882.151110677154
2022-02-16,13318.5,14.093650793650792,14.0936507936508,944.9999999999995,-5382.1848835527335
2022-02-17,13381.97,16.706579275905117,16.704712050854383,801.0895344535772,-6654.24620961732
2022-02-18,12722.1,15.346320868516283,15.35805622753946,828.3665466198277,-5765.297940848507
2022-02-19,11674.24,17.3465676077266,17.34656760772659,673.0000000000002,-6022.239922360831
2022-02-20,11683.55,19.24802306425041,19.248023064250397,607.0000000000005,-6585.832247953971
2022-02-21,13026.37,18.067087378640775,18.053283039245905,721.5513085172413,-6966.625495155884
2022-02-22,12687.25,16.519856770833332,16.496346152765277,769.0945547886215,-6228.226993496063
2022-02-23,12615.11,16.68665343915344,16.686653439153453,755.9999999999994,-6266.057906842189
2022-02-24,12532.97,18.403773861967696,18.403773861967693,681.0,-6813.784185925299
2022-02-25,6115.92,16.22259946949602,16.222599469496014,377.00000000000017,-2949.792170475532
2022-02-26,648.9,12.723529411764703,12.68669638567712,51.148067256704245,-219.34742926302266
2022-02-27,479.91,12.970540540540542,12.829547171590201,37.40662032582994,-165.76108323059486
2022-02-28,1927.25,11.204941860465116,11.193647997416024,172.1735398902031,-481.29924097052276
2022-03-01,1300.75,9.494525547445257,9.494525547445257,136.99999999999997,-150.1942635415071
2022-03-02,1541.56,10.075555555555557,10.075555555555557,152.99999999999997,-256.6327906704421
2022-03-03,1395.3100000000002,6.066565217391305,6.066565217391309,229.99999999999986,536.2799225215565
2022-03-04,1366.44,3.02980044345898,3.029800443458992,450.99999999999824,2421.155891553127
2022-03-05,1099.8200000000002,2.4826636568848763,2.482663656884882,442.999999999999,2620.5901551176007
2022-03-06,2335.25,3.303041018387553,3.297418027915744,708.2056264113052,3612.414569778888
2022-03-07,5136.2,4.707791017415215,4.7077910174152136,1091.0000000000005,4026.254806395741
2022-03-08,6622.37,5.6217062818336165,5.6217062818336245,1177.9999999999982,3270.729690132138
2022-03-09,14048.16,10.507225130890053,10.491114072756968,1339.053212325645,-2802.500475442017
2022-03-10,13830.916666666666,14.410250695330793,11.290813868854162,1224.970744121414,-3543.346472194242
2022-03-11,13613.673333333334,18.313276259771534,13.172819461893528,1033.4669333862134,-4934.393708167821
2022-03-12,13396.43,22.216301824212277,22.216301824212287,602.9999999999995,-8332.305116171745
2022-03-13,13435.644285714287,21.224656152596957,18.32981662092741,732.9939280666138,-7279.8021782231435
2022-03-14,13474.858571428571,20.233010480981633,16.720610657766915,805.8831610416898,-6706.876864480981
2022-03-15,13514.072857142857,19.241364809366313,13.590551750707142,994.3726424822814,-5163.1155725780445
2022-03-16,13553.287142857143,18.249719137750994,13.919623196512518,973.6820423596554,-5376.0940091088005
2022-03-17,13592.50142857143,17.25807346613567,14.572962595679442,932.7205322410765,-5759.311947676616
2022-03-18,13631.715714285714,16.26642779452035,14.994390753571114,909.1210132054974,-5996.720116632118
2022-03-19,13670.93,15.274782122905028,15.277003927844206,894.869836033953,-6155.618881514338
2022-03-20,12156.24,17.36605714285714,17.36605714285713,700.0000000000005,-6277.4880618909065
2022-03-21,12064.695,17.95102183967112,16.849857103665123,716.0117101156738,-6051.473244926684
2022-03-22,11973.15,18.535986536485098,17.12436819170696,699.1878395722881,-6101.218761445863
2022-03-23,11881.605,19.120951233299074,17.66286079357623,672.6885943822417,-6232.220174330739
2022-03-24,11790.06,19.705915930113054,20.934334253991132,563.1924978819054,-7060.247159354642
2022-03-25,11698.515,20.290880626927034,21.119898007286174,553.9096351679406,-7046.661655313101
2022-03-26,11606.97,20.87584532374101,20.875845323741007,556.0,-6937.561317730494
2022-03-27,12008.49,22.614858757062148,22.61485875706216,530.9999999999997,-7549.036744091536
2022-03-28,9801.665,19.041482331687895,20.30713529029805,482.67098533995835,-5748.089299233852
2022-03-29,7594.84,15.468105906313646,15.52218330048792,489.2894158620885,-3485.6812831492616
2022-03-30,4.72,0.59,0.9781616776993829,4.825378163558143,35.80457318732387
2022-03-31,5.46,0.42,0.5430352941176473,10.054595086442216,78.9806719304633
2022-04-01,536.61,1.9372202166064985,1.9372202166065158,276.9999999999975,1789.6961240802898
2022-04-02,782.87,2.644831081081081,2.6448310810810662,296.00000000000165,1703.0022481147143
2022-04-03,2687.42,5.645840336134454,5.645840336134451,476.0000000000003,1310.131317914183
2022-04-04,6557.73,9.210294943820225,9.210294943820225,711.9999999999999,-578.1994572376125
2022-04-05,6107.56,10.42245733788396,10.448689675074226,584.5287964260086,-1198.5602930428986
2022-04-06,4845.57,9.868778004073318,9.861565115807478,491.35912434759985,-719.0294220485175
2022-04-07,4249.28,10.364097560975608,10.364097560975608,410.00000000000006,-806.0110076789615
2022-04-08,6293.29,10.069264,10.074065772331407,624.7020956806365,-1046.9062061094983
2022-04-09,3859.92,11.987329192546584,11.894748937138448,324.50621870196375,-1134.6463398248266
2022-04-10,3671.29,10.085961538461538,10.085961538461538,364.0,-614.3389921832736
2022-04-11,4762.786666666667,10.362874078986147,10.563777404797866,450.8601879952052,-976.3649466766087
2022-04-12,5854.283333333333,10.639786619510756,10.8700289390505,538.5710899353601,-1331.246420809015
2022-04-13,6945.78,10.916699160035368,12.21864942832352,568.4572620521618,-2171.7525271123814
2022-04-14,8037.276666666667,11.193611700559977,14.982560047597957,536.4421461441246,-3532.1190861978494
2022-04-15,9128.773333333334,11.470524241084586,14.91720126850802,611.9628721913981,-3989.376303410497
2022-04-16,10220.27,11.747436781609196,11.7474367816092,869.9999999999998,-2913.821162635849
2022-04-17,8382.140000000001,11.957403708987163,11.957403708987162,701.0000000000001,-2494.9898448364693
2022-04-18,8689.718,12.183345130778122,12.553292435622748,692.2262063569077,-2876.252068242038
2022-04-19,8997.296,12.409286552569078,12.242018394095986,734.9520079416943,-2825.0095127079976
2022-04-20,9304.874000000002,12.635227974360037,12.197316222153306,762.8624060020742,-2898.1899317210637
2022-04-21,9612.452000000001,12.861169396150993,12.320646758695691,780.1905361190317,-3060.2425338512485
2022-04-22,9920.03,13.087110817941952,13.087110817941957,757.9999999999998,-3554.181472733303
2022-04-23,6527.61,12.774187866927592,12.774187866927594,510.99999999999994,-2236.1210851803653
2022-04-24,6219.63,11.329016393442624,11.329016393442622,549.0000000000001,-1609.0088371115853
2022-04-25,9079.54,12.592981969486823,12.59298196948682,721.0000000000003,-3024.425503747636
2022-04-26,8746.880000000001,11.884347826086955,11.875159180539846,736.5694949448557,-2561.0095057727103
2022-04-27,8225.02,11.61725988700565,11.617259887005652,707.9999999999999,-2279.0823254553798
2022-04-28,6319.9800000000005,9.87496875,9.87496875,640.0,-945.1210851574042
2022-04-29,8489.61,10.130799522673032,10.14136866629623,837.1266521662233,-1459.2386730500602
2022-04-30,2121.19,9.512062780269058,9.472305310361104,223.93598289951402,-240.52700931016875
2022-05-01,8895.43,15.25802744425386,15.25802744425386,583.0,-3999.2694572605733
2022-05-02,10540.56,9.453417040358744,9.453417040358744,1115.0,-1176.5479842976638
2022-05-03,10456.48,8.29879365079365,8.298793650793648,1260.0000000000005,125.2734885963655
2022-05-04,10309.15,8.4918863261944,8.491886326194404,1213.999999999999,-113.71449590795783
2022-05-05,10047.490000000002,8.478894514767934,8.478894514767934,1185.0,-95.60279048675693
2022-05-06,9531.27,9.129568965517242,9.13057508581682,1043.8849590980976,-764.497533627331
2022-05-07,4826.41,9.890184426229508,9.890184426229508,488.0,-728.0800774325207
2022-05-08,5475.160000000001,10.549441233140657,10.546822503023298,519.1288654408016,-1115.4031088021648
2022-05-09,10114.5,8.887961335676625,8.887961335676627,1137.9999999999998,-557.3289920455118
2022-05-10,10264.56,6.9684725050916505,6.957188320946757,1475.389126537711,2126.0781244266364
2022-05-11,10020.6,7.400738552437224,7.400738552437218,1354.000000000001,1350.585891713874
2022-05-12,9877.72,7.657147286821705,7.659425619859249,1289.6162832875077,952.7574639906816
2022-05-13,8372.98,7.08973751058425,7.089737510584248,1181.0000000000005,1545.3143412954814
2022-05-14,5495.24,7.805738636363636,7.805738636363635,704.0000000000001,417.1048063268563
2022-05-15,6162.620000000001,8.045195822454309,8.045195822454307,766.0000000000002,270.41426370223326
2022-05-16,10383.54,9.60549491211841,9.59863198337074,1081.772904512756,-1298.5763442881962
2022-05-17,10199.35,9.230180995475113,9.220737582203155,1106.1316851360843,-909.8160174319601
2022-05-18,9917.56,8.257751873438801,8.25121457537348,1201.9515320326154,176.68985492846696
2022-05-19,9294.55,7.581199021207179,7.581199021207183,1225.999999999999,1001.6641087453409
2022-05-20,9118.55,8.185412926391383,8.180297532657296,1114.6966187473038,242.9141540919445
2022-05-21,4969.21,9.134577205882351,9.13457720588235,544.0000000000002,-400.5799223837921
2022-05-22,6866.06,12.6680073800738,12.63267307833188,543.5160046828862,-2301.4946201102484
2022-05-23,10639.55,10.018408662900187,10.025747707584317,1061.2225950939649,-1727.1723033231374
2022-05-24,10464.89,7.343782456140352,7.340703865964439,1425.5976253886245,1507.588290310132
2022-05-25,10372.13,8.141389324960754,8.141389324960754,1274.0,327.1985273585433
2022-05-26,10072.02,7.097970401691332,7.097970401691327,1419.000000000001,1845.050000252575
2022-05-27,9269.21,11.5865125,11.588643140877956,799.8529152480023,-2551.87160611943
2022-05-28,7764.509999999999,10.54960597826087,10.54960597826087,736.0,-1583.4222479310138
2022-05-29,7400.29,12.479409780775716,12.485072593537064,592.7310349665714,-2422.4061134469457
2022-05-30,10482.44,17.73678510998308,17.736785109983064,591.0000000000006,-5519.093720825036
2022-05-31,12570.41,11.406905626134302,11.39302065650196,1103.343035968789,-3304.2956984275916
2022-06-01,9283.05,9.482175689479062,9.482175689479062,978.9999999999998,-1061.1955037017178
2022-06-02,9051.04,8.265789954337901,8.265789954337901,1095.0,145.0076746135037
2022-06-03,8802.380000000001,9.018831967213115,9.011301547084361,976.8156080458813,-598.870501464382
2022-06-04,5397.05,10.378942307692308,10.378942307692306,520.0000000000001,-1029.9771316903898
2022-06-05,5899.429999999999,10.965483271375463,10.965483271375462,538.0000000000001,-1381.1892247104415
2022-06-06,5171.7,9.437408759124088,9.47513581777268,545.8180335842101,-587.8016817313328
2022-06-07,10935.98,6.792534161490683,6.792534161490681,1610.0000000000005,2585.1494576509085
2022-06-08,11159.21,6.779592952612394,6.77959295261239,1646.0000000000007,2664.2552716108075
2022-06-09,11090.8,7.206497725795972,7.20787057309942,1538.7068743148784,1831.5943136576716
2022-06-10,10299.46,7.304581560283688,7.326561662283844,1405.7699197456068,1506.5009146284938
2022-06-11,9388.9,8.815868544600939,8.797745277391552,1067.1938893397603,-426.3740781510096
2022-06-12,9366.93,9.210353982300886,9.210353982300884,1017.0000000000001,-825.9432556329375
2022-06-13,10910.71,7.640553221288515,7.634164246561118,1429.1950824760984,1091.980515774776
2022-06-14,11216.93,7.8003685674547985,7.794577259169391,1439.0684224477498,868.678967908998
2022-06-15,10757.07,7.634542228530873,7.63454222853087,1409.0000000000005,1076.0178297081566
2022-06-16,10670.71,7.244202308214529,7.246399135547893,1472.5534434963465,1696.113442747659
2022-06-17,9582.73,7.6969718875502,7.696427730917835,1245.0880246045283,873.7894825146977
2022-06-18,6319.13,8.704035812672176,8.693525969251336,726.8776814321965,-214.65345930319108
2022-06-19,6473.5,9.989969135802468,9.973257253763082,649.0858337738592,-1022.3362810039589
2022-06-20,11385.93,9.600278246205734,9.612711204484418,1184.466042700665,-1438.527079784375
2022-06-21,11282.740000000002,8.766697746697748,8.782305436785093,1284.7127762992304,-493.4432520248447
2022-06-22,10861.17,8.32911809815951,8.332795749009161,1303.4244840684453,85.27173128030336
2022-06-23,10707.94,7.82172388604821,7.816127689781494,1369.9801775243707,797.450891132039
2022-06-24,9186.37,8.058219298245612,8.0546415497076,1140.5063705576674,391.85005191664277
2022-06-25,6058.9,8.58201133144476,8.572495938260325,706.7836536332701,-123.17746625655673
2022-06-26,7976.84,11.187713884992988,11.212091718678838,711.4497633577993,-2001.930463990121
2022-06-27,12457.3,10.59294217687075,10.57875950126896,1177.57663348956,-2567.7558337161026
2022-06-28,12149.55,9.72742193755004,9.716197473590334,1250.4428849890894,-1648.0592376795266
2022-06-29,12187.68,8.552757894736843,8.562778409860893,1423.3324064493681,-234.2255100175771
2022-06-30,11677.55,8.486591569767441,8.479823621639117,1377.0982181988797,-112.38025828108766
2022-07-01,9683.57,8.908528058877645,8.882901401712905,1090.1359321778243,-528.3718227246518
2022-07-02,6580.68,10.23433903576983,10.212876094553481,644.3513011490927,-1169.2779136380832
2022-07-03,6818.99,11.16037643207856,11.179229578326883,609.9695826284793,-1696.3330484789067
2022-07-04,7038.719999999999,11.407974068071312,11.407974068071315,616.9999999999998,-1857.020077409561
2022-07-05,10506.82,8.919202037351443,8.919202037351443,1178.0,-613.7203098678474
2022-07-06,10572.94,8.120537634408603,8.116466169752485,1302.6531225377394,367.023669717988
2022-07-07,10476.49,7.035923438549362,7.0387378563356275,1488.4046279078318,2023.4551300052917
2022-07-08,8846.9,7.204315960912052,7.204315960912053,1227.9999999999998,1466.1105428542287
2022-07-09,6003.96,8.124438430311232,8.151559198096376,736.5412989213276,181.67369790162866
2022-07-10,7987.04,11.508703170028818,11.508703170028813,694.0000000000003,-2158.6773642175576
2022-07-11,11532.0,12.742541436464087,12.645796804571955,911.9235567529225,-3873.468033330604
2022-07-12,10944.19,9.868521190261497,9.883905034620225,1107.2738924206503,-1645.0635127350106
2022-07-13,10752.17,8.806036036036035,8.788695828782588,1223.4090483353766,-477.7152657117258
2022-07-14,13055.84,9.246345609065155,9.25383999479756,1410.856466865636,-1207.1611585998562
2022-07-15,11236.84,8.854877856579984,8.855947416735674,1268.846738945739,-580.7896775133431
2022-07-16,7481.5,9.616323907455012,9.61015720184635,778.4992318921295,-943.4944738538661
2022-07-17,7658.17,10.05009186351706,10.05009186351706,762.0,-1258.7286045155342
2022-07-18,12166.38,9.13391891891892,9.132831248948614,1332.1586338738725,-978.6226417788785
2022-07-19,11174.09,10.898924633588813,10.091749312858216,1107.250056812523,-1875.163689345687
2022-07-20,10181.8,12.663930348258706,12.648685425523142,804.9690270148279,-3421.495389026846
2022-07-21,9448.320000000002,8.230243902439026,8.230732165148693,1147.931898453327,192.26124692820122
2022-07-22,9571.44,8.251241379310345,8.292656686589275,1154.2067110385444,121.83848499479973
2022-07-23,9562.77,12.25996153846154,12.264001226559511,779.7430727004826,-3014.318428764145
2022-07-24,8023.1,13.04569105691057,13.020730206124068,616.1789602419133,-2848.2953475082986
2022-07-25,9489.63,8.37566637246249,8.37985747917986,1132.4333407313216,20.790995148010552
2022-07-26,9480.5,7.453223270440252,7.455894883889698,1271.5442140265363,1198.2043037141411
2022-07-27,9434.31,7.720384615384615,7.72018521367521,1222.0315625703463,828.5763098441457
2022-07-28,9469.87,7.152469788519638,7.158988237342174,1322.7944628549576,1639.2450174693622
2022-07-29,7955.99,7.272385740402194,7.266324139057315,1094.912619881028,1239.3238374081338
2022-07-30,5549.31,7.509215155615697,7.520616095621337,737.8797068541934,647.563938229222
2022-07-31,6274.22,8.455822102425877,8.455822102425879,741.9999999999998,-42.74294560436738
2022-08-01,9488.79,8.901303939962476,8.901303939962474,1066.0000000000005,-536.2906199652989
2022-08-02,9683.58,8.384051948051948,8.384600036469228,1154.9244994252313,15.72662766535359
2022-08-03,9774.29,7.256340014847811,7.253666488752911,1347.4964716334027,1542.2778488714648
2022-08-04,9301.95,6.69205035971223,6.7038185682693054,1387.5599265213175,2351.079438971001
2022-08-05,8088.52,6.84887383573243,6.84887383573243,1181.0,1829.774341295477
2022-08-06,1526.64,4.940582524271845,4.982847940541489,306.37900618618903,1046.3973948757077
2022-08-07,4327.21,6.782460815047022,6.796721727258544,636.6613455197877,1019.6101698479888
2022-08-08,7540.465,8.204892001077674,8.689669865231151,867.7504573759107,-252.90830986616584
2022-08-09,10753.72,9.627323187108326,9.647530991530118,1114.6603218420382,-1392.5606751968808
2022-08-10,10055.77,9.285106186518927,9.28244344432587,1083.3106671010041,-957.8918802938879
2022-08-11,10165.65,8.264756097560975,8.266358839018672,1229.7615187011165,162.154159251666
2022-08-12,8617.76,7.673873552983081,7.6951012730525195,1119.902090201014,787.4208332309026
2022-08-13,5224.45,7.915833333333333,7.921233221024257,659.5500794161002,314.59472521057523
2022-08-14,5992.4800000000005,8.85152141802068,8.845761216541039,677.4408502904673,-303.18469771520904
2022-08-15,10580.63,10.038548387096776,10.038548387096776,1053.9999999999998,-1728.909224618601
2022-08-16,10564.08,8.945029635901777,8.945029635901776,1181.0000000000002,-645.7856587045208
2022-08-17,10533.99,8.314119968429361,8.309164994576435,1267.7555454580279,112.89624272846777
2022-08-18,10558.88,8.066371275783041,8.068848762709504,1308.5980801621008,431.01071422683344
2022-08-19,9356.04,7.700444444444444,7.700444444444441,1215.0000000000007,847.793721146496
2022-08-20,5419.82,8.029362962962962,8.029362962962963,674.9999999999999,248.97651174804923
2022-08-21,1297.61,3.728764367816092,3.8229896801298144,339.422836201833,1552.9366516571565
2022-08-22,458.13,1.1367990074441687,1.1599279237897004,394.9641961400533,2858.865047917195
2022-08-23,933.3,1.6203124999999998,1.629850736952573,572.6291241522187,3875.763676325094
2022-08-24,2474.89,2.7407419712070875,2.786782150117296,888.0816176807475,4983.412187342499
2022-08-25,3397.61,3.1000091240875918,3.157991464610311,1075.8768787297079,5637.837551427181
2022-08-26,6574.094999999999,8.330658247718343,8.012946426629034,820.4341636620245,316.08918531290965
2022-08-27,9750.58,13.561307371349097,13.574837131086749,718.2833875532035,-3718.2802047286323
2022-08-28,10158.84,14.638097982708937,14.634704795730183,694.1609100966588,-4329.126006299569
2022-08-29,10044.383333333333,14.526856480182717,14.369237871869242,699.0199078684119,-4173.862421678671
2022-08-30,9929.926666666666,14.4156149776565,14.654590818399765,677.5983573829312,-4239.308585631748
2022-08-31,9815.470000000001,14.30437347513028,14.639526899433159,670.4772679764709,-4184.6563734646215
2022-09-01,9701.013333333334,14.19313197260406,12.488737007985954,776.7809769018274,-3177.4380855506342
2022-09-02,9586.556666666667,14.081890470077843,13.361366324633348,717.483259851401,-3560.9765175063085
2022-09-03,9472.1,13.970648967551623,13.932702447595043,679.8465721655458,-3762.600923235682
2022-09-04,9900.55,15.25508474576271,15.255825806872565,648.968474426335,-4450.371890277834
2022-09-05,10556.44,14.382070844686648,14.33144282409516,736.5929676146546,-4370.372377196891
2022-09-06,11161.1,13.52160372373421,14.22854775909559,784.4159635241252,-4573.404477355486
2022-09-07,11765.76,12.661136602781772,13.735015177642534,856.6251910046644,-4571.635711640372
2022-09-08,12370.42,11.800669481829335,12.780346631334975,967.9252337076748,-4241.573794851876
2022-09-09,12975.08,10.940202360876896,10.935978847161605,1186.4580373953115,-3010.9478759674366
2022-09-10,7230.34,10.197940761636108,10.237349994268703,706.2706661438602,-1298.9256465388344
2022-09-11,7056.06,10.13801724137931,10.169182059142335,693.8670149637488,-1228.8142014169907
2022-09-12,12228.8,9.925974025974025,9.925974025974025,1232.0,-1882.1965889280018
2022-09-13,12822.91,9.13312678062678,9.14996439906709,1401.4163816098996,-1053.5110435899642
2022-09-14,12468.78,9.022272069464544,9.058646217245888,1376.4507080828353,-909.0481887805781
2022-09-15,12313.72,8.604975541579314,8.604975541579318,1430.9999999999995,-295.87139509413646
2022-09-16,9769.3,8.258072696534235,8.25681605575169,1183.1800459203296,167.30284012305674
2022-09-17,6122.650000000001,8.088044914134743,8.095793456590032,756.2754698263851,228.7155485517469
2022-09-18,5922.429999999999,8.671200585651537,8.667743701280544,683.272395228419,-184.16011756355965
2022-09-19,10777.85,7.463885041551247,7.481312066632864,1440.6363354457449,1320.9266415886395
2022-09-20,11879.79,7.160813743218807,7.163844456202126,1658.2981487984468,2046.9577945879773
2022-09-21,12098.91,7.270979567307692,7.272294388841376,1663.6991509260947,1873.1965827674649
2022-09-22,9550.78,6.792873399715504,6.795463096243908,1405.4641846674222,2252.6132850807408
2022-09-23,9814.39,6.8824614305750345,6.895778256828521,1423.2461709860424,2138.3402658436244
2022-09-24,6870.16,7.224143007360673,7.232721176625219,949.8720927060001,1107.072008501621
2022-09-25,9390.95,7.26291569992266,7.267840114352002,1292.1239119522504,1460.587073809129
2022-09-26,9061.93,7.3257316087308,7.325731608730804,1236.9999999999995,1326.6644963442013
2022-09-27,8826.929999999998,7.08990361445783,7.089903614457831,1244.9999999999998,1628.850232779736
2022-09-28,9126.13,7.0910101010101005,7.091010101010104,1286.9999999999993,1682.3753490662784
2022-09-29,9293.7,7.003541823662395,7.006622518272858,1326.4165403177608,1845.834010189983
2022-09-30,7630.52,7.466262230919765,7.475185145458869,1020.7800678536366,942.2125746824204
2022-10-01,5471.67,7.794401709401709,7.786552687302001,702.7076319566913,429.8212189849255
2022-10-02,5459.719999999999,8.185487256371813,8.181576400902113,667.3188310504565,144.56838767794852
2022-10-03,10174.66,7.378288614938361,7.378288614938362,1378.9999999999998,1406.4813180749043
2022-10-04,12006.93,7.397985212569316,7.399047178012916,1622.7670551527115,1621.4199579694014
2022-10-05,10882.81,7.1503350854139285,7.157792122627264,1520.4143699000676,1885.9598911127614
2022-10-06,11677.53,7.00091726618705,7.009915562320725,1665.858867511665,2312.714351429162
2022-10-07,9795.01,7.051843052555796,7.049138762799675,1389.5328677158514,1874.5886273583455
2022-10-08,6244.89,7.6530514705882355,7.637639669787975,817.6465858559365,621.8835018412374
2022-10-09,8061.87,7.974154302670623,7.9843491489086835,1009.7091008478646,417.88619076538544
2022-10-10,11474.08,8.692484848484849,8.67645903614458,1322.4380997133774,-367.9577975438315
2022-10-11,11846.59,8.419751243781095,8.422922198160716,1406.4703105754554,-34.74705115949837
2022-10-12,13443.07,8.832503285151116,8.84413609412266,1519.9980933054098,-677.7960900838589
2022-10-13,11989.61,8.285839668279197,8.281608231819767,1447.7393356924651,168.81917939834966
2022-10-14,10470.79,8.625032948929158,8.621770555947801,1214.4593656318814,-271.4966436240611
2022-10-15,6480.96,9.392695652173911,9.358106590877847,692.5503505503507,-664.7718349485667
2022-10-16,10367.35,9.680065359477124,9.695475380139998,1069.2977490548071,-1387.155407611952
2022-10-17,10857.064,9.53024322834825,8.729738420953627,1243.6872076189868,-412.3088825834293
2022-10-18,11346.778,9.380421097219376,8.901949679735617,1274.6396472931976,-642.0775758348973
2022-10-19,11836.492,9.2305989660905,8.741225728814637,1354.099798725264,-464.467976929609
2022-10-20,12326.206,9.080776834961627,8.788687210268273,1402.5082136952904,-547.6376007498511
2022-10-21,12815.92,8.930954703832752,8.910941602489231,1438.2228693340253,-737.4121706711194
2022-10-22,8094.67,8.741544276457883,8.791055738455208,920.7847431328448,-361.7198667521552
2022-10-23,8563.44,8.658685540950456,8.643149797461406,990.7776910814599,-242.6738975994558
2022-10-24,12488.57,9.243945225758695,9.238092628910614,1351.855897278732,-1135.3907483263592
2022-10-25,13891.37,9.279472277889113,9.27119916978638,1498.3358404455544,-1308.0203914891244
2022-10-26,12800.29,8.827786206896553,8.817925812076496,1451.6214212722793,-609.2582232784534
2022-10-27,13761.87,8.526561338289962,8.528399780673855,1613.6520747052307,-210.06962627553185
2022-10-28,9614.31,8.058935456831517,8.06509116385188,1192.0894388760032,397.1158559881151
2022-10-29,5072.830000000001,7.065222841225628,7.059994483781114,718.5317228864392,961.5553693021666
2022-10-30,4971.849999999999,6.895769764216365,6.91914720482305,718.5639866910665,1062.80632773643
2022-10-31,9189.74,6.453469101123595,6.486388200174385,1416.7730509488988,2708.6275987522367
2022-11-01,8491.29,6.193501094091904,6.188042337856802,1372.2094220416916,3032.8225704559245
2022-11-02,5897.280000000001,6.227328405491025,6.228820581622264,946.7731366993532,2053.926303315634
2022-11-03,6166.12,6.37654601861427,6.388443593215015,965.1990989712832,1939.8315339122537
2022-11-04,11847.78,7.678405703175632,7.677460576705999,1543.1899495449145,1112.2641525109048
2022-11-05,8233.52,9.271981981981982,9.28672029402771,886.5907165627652,-787.7387238530255
2022-11-06,10624.55,9.55445143884892,9.558940415504189,1111.477793372102,-1290.1182400693433
2022-11-07,11633.46,9.160204724409448,9.160545347285572,1269.952776714019,-968.1209322649156
2022-11-08,12685.96,9.502591760299625,9.472549414438543,1339.2339744001135,-1438.7823963054198
2022-11-09,14913.71,9.99578418230563,9.842631757951278,1515.2156828332115,-2188.599811272814
2022-11-10,13301.509999999998,9.659774872912129,9.643501747980647,1379.3236469092092,-1717.6506249325557
2022-11-11,12730.77,10.19277021617294,10.178010820175514,1250.8112071136966,-2226.185988531124
2022-11-12,6812.14,9.886995645863571,9.797260695620675,695.310680366502,-972.7699860106823
2022-11-13,7286.39,9.165270440251572,9.205371247382924,791.5367891405261,-638.8922382221235
2022-11-14,9658.363333333333,9.019737869258623,8.693311962869847,1111.0107832993149,-327.85362536055436
2022-11-15,12030.336666666666,8.874205298265675,8.212223371935533,1464.9305214686635,272.46782230342615
2022-11-16,14402.31,8.728672727272727,8.743989037347223,1647.1097960536115,-569.5244202448066
2022-11-17,14550.34,8.391199538638984,8.422454943844697,1727.5651929291337,-41.87253408293327
2022-11-18,13891.740000000002,8.085995343422585,8.11926182584527,1710.9609590098148,477.28150543990523
2022-11-19,6787.47,7.220712765957447,7.226090980446491,939.3003794674905,1100.9784660873038
2022-11-20,6575.82,7.01046908315565,7.093331763932417,927.0424983413552,1209.6841197624772
2022-11-21,9700.49,6.998910533910534,7.027447874852481,1380.3716758558855,1892.1709496409694
2022-11-22,11311.16,7.943230337078652,7.920729426485233,1428.0452457039992,681.8739369855084
2022-11-23,9688.92,7.94825266611977,7.944244535883386,1219.6150252218551,553.6717046713529
2022-11-24,5344.7,8.390423861852433,8.41857218208471,634.87012814048,-12.922862495124718
2022-11-25,7714.86,10.006303501945524,10.032134311437256,769.0148238151656,-1256.5065915171072
2022-11-26,7813.139999999999,11.422719298245614,11.40385503201756,685.131473353858,-2059.2571759449584
2022-11-27,9319.93,12.543647375504712,12.54748607369179,742.772691299576,-3081.9637163544485
2022-11-28,7947.886666666667,12.57262575842709,12.169403995153841,653.1040197064468,-2462.9773500436513
2022-11-29,6575.843333333334,12.601604141349467,11.069621677590671,594.0440897492878,-1586.9321277106555
2022-11-30,5203.8,12.630582524271846,12.609776621109818,412.6797925419555,-1738.025528250746
2022-12-01,8352.83,13.161636500231161,12.85058208050117,649.9962373435337,-2894.0205142186933
2022-12-02,11501.86,13.692690476190474,13.612888909762791,844.9242534956104,-4406.002724581865
2022-12-03,641.49,10.6915,10.6312492268824,60.340039661370646,-134.74124985019716
2022-12-04,9154.38,10.89807142857143,11.023825615299454,830.4177079230155,-2180.3518430106633
2022-12-05,10568.609999999999,10.706265609732267,11.684761435189118,904.478029664535,-2972.6071859036047
2022-12-06,11982.84,10.514459790893103,11.899501525037545,1007.0035265584112,-3525.8058093743603
2022-12-07,13397.07,10.322653972053939,10.889738489809389,1230.2471737532512,-3065.187204206921
2022-12-08,14811.3,10.130848153214774,10.154116905517828,1458.6497415596448,-2561.2428639770224
2022-12-09,14525.34,9.84768813559322,9.86376166361984,1472.5964084851414,-2158.1557279507015
2022-12-10,1955.78,8.048477366255144,8.143180429455752,240.17397341774412,61.25315958989154
2022-12-11,8014.19,8.245051440329219,8.26372270762482,969.8038382393228,130.43313376436072
2022-12-12,9290.44,7.022252456538172,7.026025964098755,1322.2894488964084,1814.4338006299422
2022-12-13,11890.57,6.99445294117647,7.002212816951076,1698.1160542871685,2370.5772075355017
2022-12-14,8513.77,5.920563282336579,5.9367968233038395,1434.067941584376,3529.843844241803
2022-12-15,7320.179999999999,6.182584459459459,6.182584459459459,1184.0,2623.308992458803
2022-12-16,7787.67,7.333022598870056,7.406770976504829,1051.425786581417,1042.4319723476838
2022-12-17,4919.26,7.7225431711146,7.768259898483409,633.2512125347896,398.92113285546384
2022-12-18,6334.12,9.153352601156069,9.056080632532703,699.4328183481008,-460.13137651285706
2022-12-19,11936.44,10.397595818815333,10.332181772541709,1155.2680994948896,-2234.2477443697335
2022-12-20,14228.95,11.038750969743989,10.943435368425668,1300.226987318242,-3309.3615404587763
2022-12-21,13839.916666666668,11.857049544567618,11.094461561081198,1247.4617709449178,-3363.4619471531933
2022-12-22,13450.883333333333,12.675348119391247,11.668580720468137,1152.7437359831447,-3769.891230399013
2022-12-23,13061.85,13.493646694214876,13.438810236789795,971.9498802239326,-4899.2039398409415
2022-12-24,6836.82,13.728554216867469,13.822014419715176,494.6326774372504,-2682.7874126623947
2022-12-25,6746.54,13.254499017681727,13.249236588177183,509.20216837400307,-2470.149665402827
2022-12-26,10487.87,15.310759124087593,15.290196523023539,685.921203446121,-4727.354851215711
2022-12-27,14329.41,13.885087209302323,13.857319542967913,1034.0679491129765,-5645.082914307997
2022-12-28,10970.19,12.696979166666669,12.729169266146771,861.815077687373,-3732.4799167910305
2022-12-29,7520.66,8.546204545454545,8.582728478080064,876.2551465081829,-161.67908455279394
2022-12-30,4783.81,7.00411420204978,7.117000469462208,672.1665989101004,861.1909943927822
2022-12-31,315.57,5.536315789473684,5.701390120539059,55.34965917578067,149.26845164756878
2023-01-01,1018.39,5.920872093023256,5.923372174125472,171.9274038610203,425.49365523148174
2023-01-02,2331.95,6.662714285714285,6.6670736392480645,349.77114790995546,605.504019528988
2023-01-03,3865.8,6.508080808080808,6.5966503398685425,586.024694478052,1055.762583489478
2023-01-04,5658.43,6.688451536643027,6.686647829357405,846.228206479925,1448.3781556091963
2023-01-05,6904.4,7.629171270718231,7.648002249639597,902.7717009792148,677.2726954308546
2023-01-06,7252.309999999999,8.112203579418344,8.078154453215946,897.7681773728434,287.3420181475267
2023-01-07,5922.26,10.767745454545455,10.695566784719619,553.7116563528849,-1272.0693243741198
2023-01-08,8935.09,11.058279702970298,11.117689403085121,803.6822828959894,-2185.591745430379
2023-01-09,11879.19,10.429490781387182,10.416170719216668,1140.456538225149,-2301.3884508281753
2023-01-10,12890.78,9.900752688172044,9.896886354195132,1302.5086414714467,-1952.0297136369954
2023-01-11,12669.9,10.96961038961039,10.963787220049007,1155.6134523325204,-2964.807396278942
2023-01-12,13088.65,10.907208333333337,10.96769915407047,1193.3815667383963,-3066.372573761417
2023-01-13,10790.59,10.943803245436106,10.963004928584406,984.2730227973483,-2524.451513716567
2023-01-14,9640.96,13.48386013986014,13.537622786732715,712.160484294808,-3660.0816752959845
2023-01-15,9228.99,12.43799191374663,12.502743002127412,738.1572186543093,-3029.7854574382345
2023-01-16,11596.31,14.29877928483354,14.24295566370093,814.1786209132089,-4758.661220484983
2023-01-17,11651.1,12.421215351812368,12.40985961395658,938.8583241422609,-3766.364010484046
2023-01-18,13426.35,12.897550432276658,12.85059738616492,1044.803568000266,-4651.8628566787775
2023-01-19,13171.4,11.105733558178752,11.148844470829198,1181.4139155374164,-3249.6295061790934
2023-01-20,11770.77,11.950020304568527,11.92303639020382,987.2292270843924,-3479.8046684567
2023-01-21,9744.97,15.923153594771245,15.85677926726709,614.5617490000882,-4583.7470385400275
2023-01-22,9324.04,17.203025830258305,17.081093375187336,545.8690374905664,-4739.71333985513
2023-01-23,10412.044,15.712758841221175,14.110586331521624,737.8888272516746,-4215.093466693107
2023-01-24,11500.048,14.222491852184046,13.113312477102705,876.9750602740809,-4135.021092486303
2023-01-25,12588.052,12.732224863146914,12.928609045127505,973.6586477370623,-4411.055339370099
2023-01-26,13676.056,11.241957874109785,12.836668590856908,1065.389816929679,-4728.681069832803
2023-01-27,14764.06,9.751690885072655,9.930934444623194,1486.673795132497,-2278.650779326912
2023-01-28,11331.23,11.681680412371133,11.67346123124258,970.6829684475551,-3179.2237399277874
2023-01-29,13013.73,14.975523590333715,14.850058295270712,876.3420143707095,-5654.019549388239
2023-01-30,14842.47,10.74762490948588,10.732209255936938,1382.9836565839705,-3227.873069262554
2023-01-31,14416.11,9.714359838274934,9.776561963014062,1474.558239853429,-2032.4498422956094
2023-02-01,14182.02,9.966706632882811,10.307991880141564,1375.8276262636357,-2627.5209651408913
2023-02-02,13947.93,10.219053427490689,10.737520123093521,1298.9898822170073,-3038.7310176181018
2023-02-03,13713.84,10.471400222098566,10.506533765004145,1305.2677797199835,-2751.917871742571
2023-02-04,13479.75,10.723747016706444,10.720592837450388,1257.3698306040512,-2920.0852448807673
2023-02-05,14583.97,12.422461669505964,12.291688337619942,1186.4903827218186,-4619.566232894733
2023-02-06,14210.164999999999,12.087795413758485,11.976927544003676,1186.4616319829377,-4246.002687840331
2023-02-07,13836.359999999999,11.753129158011008,11.486276603445624,1204.5992341721426,-3719.8741678082733
2023-02-08,13462.555,11.41846290226353,11.014929415583532,1222.2098292299227,-3198.1715680551624
2023-02-09,13088.75,11.083796646516051,10.65678165651635,1228.2085175308594,-2773.9882816619556
2023-02-10,12714.945,10.749130390768574,10.46339002818894,1215.1840814253553,-2509.565323087685
2023-02-11,12341.14,10.414464135021095,10.40985436828238,1185.5247502406971,-2384.845824066011
2023-02-12,10025.73,9.62162188099808,9.608310962152174,1043.4435396077488,-1262.66467031934
2023-02-13,11633.95,9.186941145389984,9.303313173538614,1250.5168624324515,-1131.8379590530421
2023-02-14,13242.17,8.75226040978189,8.76039975415265,1511.594261862637,-547.4732906292065
2023-02-15,13016.14,8.23806329113924,8.27819958358568,1572.3394765461903,188.70820730192463
2023-02-16,13721.34,8.23609843937575,8.223260663173782,1668.6008825487265,291.9323888769468
2023-02-17,11813.58,7.301347342398023,7.3036103246478525,1617.4986718735706,1770.524931665188
2023-02-18,8950.14,6.8953312788906,6.90713877027987,1295.7811182990536,1932.1110865224637
2023-02-19,8028.889999999999,6.469693795326349,6.4960692374974185,1235.9612723421485,2350.981036013116
2023-02-20,9273.58,5.644297017650639,5.6131035846792,1652.1305655772971,4601.37109199543
2023-02-21,8787.94,5.115215366705471,5.111819116353804,1719.1414249939908,5649.782834381493
2023-02-22,8548.43,5.002007021650088,5.004277874636807,1708.2244859595085,5797.6100107998045
2023-02-23,6655.69,4.1339689440993785,4.187270917616251,1589.5054633314678,6693.32189027836
2023-02-24,5732.07,4.214757352941176,4.2277284257854815,1355.8273906713916,5654.462715215475
2023-02-25,4249.04,4.004750235626768,4.002802130502225,1061.5163731480477,4665.804908540881
2023-02-26,3621.2,3.9318132464712265,3.950112916152017,916.7332875961363,4077.725130264148
2023-02-27,5436.09,3.769826629680999,3.778525849621105,1438.6801139775473,6646.25786909216
2023-02-28,4878.79,3.426116573033708,3.4331844734365697,1421.0684097369226,7055.650954180764
2023-03-01,6352.889999999999,4.345341997264022,4.343689589196148,1462.5561678719491,5929.974152100891
2023-03-02,7022.57,4.18010119047619,4.182100160168725,1679.1969898006168,7079.690797510464
2023-03-03,5282.139999999999,3.789196556671449,3.797707772596837,1390.8758430847147,6398.737226004829
2023-03-04,3401.4000000000005,3.882876712328768,3.870433001604077,878.8164007981306,3979.090884905806
2023-03-05,2894.67,3.373741258741259,3.4087512550450407,849.1878061550584,4236.993516075222
2023-03-06,4652.51,3.2152798894263994,3.2276490325120193,1441.4547409384961,7453.139788555312
2023-03-07,5677.46,3.557305764411028,3.5512891353329135,1598.7039589407495,7748.8028529794365
2023-03-08,5901.14,3.479445754716981,3.5184472906611104,1677.2000580094482,8184.350130885315
2023-03-09,7888.64,4.193854332801702,4.229728242106838,1865.0465345429968,7774.425613726117
2023-03-10,7181.59,4.69078380143697,4.681580641266962,1534.0096754280128,5701.356217857892
2023-03-11,6110.23,5.231361301369863,5.239936546995869,1166.0885480575298,3682.8347312857386
2023-03-12,5913.16,6.140353063343717,6.070241743141672,974.1226544529059,2267.7334897442724
2023-03-13,12378.0,7.221703617269545,7.129552831174777,1736.1537663169831,2202.596169416227
2023-03-14,14634.59,7.497228483606557,7.498751686530755,1951.6034950572673,1755.3997556976901
2023-03-15,14884.62,7.776708463949844,7.774413342470991,1914.565041028437,1194.3127794026168
2023-03-16,14799.55,8.460908613578402,8.015361269449617,1846.398372136784,706.9042981722669
2023-03-17,14714.48,9.14510876320696,9.129740228057168,1611.7085078477944,-1179.0021226041008
2023-03-18,10415.61,10.102434529582927,10.07861730763482,1033.4364012521737,-1736.5867903232884
2023-03-19,10858.6,10.761744301288404,10.727654692367418,1012.2063313359395,-2357.871525560793
2023-03-20,11227.123333333333,10.654103223209894,10.023556233933087,1120.0738611437894,-1820.4999304413577
2023-03-21,11595.646666666667,10.546462145131382,10.286738499113634,1127.2422904174941,-2128.821238794706
2023-03-22,11964.170000000002,10.438821067052872,10.260005229039793,1166.0978462405421,-2171.027180555113
2023-03-23,12332.693333333335,10.331179988974363,10.415125438959532,1184.1137589376328,-2388.24896862441
2023-03-24,12701.216666666667,10.22353891089585,10.393431003621608,1222.0427173895616,-2438.236676229548
2023-03-25,13069.740000000002,10.11589783281734,10.096752667613222,1294.4498523691743,-2198.669173713848
2023-03-26,10871.77,9.315998286203945,9.255250287378418,1174.659751214515,-1006.7224441841863
2023-03-27,11997.003333333334,9.627324996558025,9.128322034695447,1314.2616230819244,-959.548956368677
2023-03-28,13122.236666666666,9.938651706912108,9.566804643609883,1371.6425865800054,-1602.8845034521364
2023-03-29,14247.47,10.249978417266188,10.227288277166942,1393.0838374633836,-2548.049557948123
2023-03-30,13727.06,7.720506186726658,7.819925149840749,1755.3953186213741,1015.1309021328943
2023-03-31,2096.9700000000003,10.978900523560212,10.899974138571446,192.38302525686817,-481.2955963027093
2023-04-01,9092.81,7.48995881383855,7.559737648032986,1202.794385644575,1008.5183225068231
2023-04-02,10657.19,7.547584985835693,7.503020107949426,1420.386703843262,1271.5258401185092
2023-04-03,11094.702000000001,7.451909485641587,7.300122195310743,1519.7967517758427,1668.881000048761
2023-04-04,11532.214,7.3562339854474805,7.3974348675179264,1558.9476901835058,1560.1670786813884
2023-04-05,11969.726,7.260558485253375,7.1584386094141985,1672.1140814504417,2073.050995808977
2023-04-06,12407.238,7.164882985059268,7.006913900553421,1770.71363742889,2463.599468387547
2023-04-07,12844.75,7.069207484865163,7.121434566367834,1803.6745097204825,2302.900028196069
2023-04-08,8284.17,6.406937354988399,6.464548168418284,1281.4770319867432,2477.9522649062146
2023-04-09,9212.53,6.637269452449567,6.651603815998726,1385.0088271706177,2419.0747528963784
2023-04-10,12023.49,6.48166576819407,6.5537796866287295,1834.588676291756,3383.7839091187834
2023-04-11,12470.4,6.577215189873417,6.673274025532625,1868.7079164270763,3223.414693507819
2023-04-12,11820.41,6.124564766839378,6.172621429313418,1914.97407306814,4261.957919254262
2023-04-13,11965.81,6.461020518358531,6.476060264031721,1847.6989886055496,3551.5671575815413
2023-04-14,9819.58,5.97661594643944,5.923949417244215,1657.606996341979,4101.363346240851
2023-04-15,5929.72,5.900218905472637,5.8323270314234605,1016.6988181649974,2608.737353943855
2023-04-16,6448.26,5.233977272727273,5.433651369505669,1186.726854834383,3518.1297112339034
2023-04-17,12444.76,5.202658862876255,5.294876451169745,2350.3400154409087,7293.905601412271
2023-04-18,12278.21,5.392274923144488,5.368200835777741,2287.2113722289864,6930.28755336615
2023-04-19,12560.93,5.235902459358066,5.243141513535458,2395.687769932066,7558.5758865605385
2023-04-20,10938.12,5.128045007032348,5.170211828430049,2115.6038404177716,6829.180253038581
2023-04-21,10464.08,5.749494505494505,5.705884150331528,1833.9103501412674,4937.497178873276
2023-04-22,7167.99,5.305692079940784,5.330580241238998,1344.6922615564883,4125.0274839792855
2023-04-23,7035.23,5.305603318250377,5.317388188873573,1323.0612003691856,4076.125137010411
2023-04-24,9454.92,5.381286283437678,5.380527994327927,1757.247617699831,5302.826911843515
2023-04-25,9179.84,5.500203714799281,5.513917610816747,1664.848960019234,4801.922929102819
2023-04-26,10241.84,5.639779735682819,5.613916734145713,1824.366210796415,5079.583425057372
2023-04-27,10313.67,5.71078073089701,5.7403261611069585,1796.7045269795476,4775.444600271985
2023-04-28,9799.17,6.277495195387572,6.23780446850596,1570.9325371571058,3393.86242492995
2023-04-29,5793.04,6.085126050420168,6.0628300044277825,955.5009782179691,2231.4646108057377
2023-04-30,6605.16,6.746843718079673,6.687839287043335,987.6373693363844,1689.2329987646172
2023-05-01,11180.14,8.324750558451228,8.098295007268232,1380.5547945543854,414.05882021769867
2023-05-02,11288.15,5.97572789835892,6.040989942331037,1868.5927484997999,4404.697488256841
2023-05-03,7303.5,4.505552128315855,4.931863036282818,1480.8805407347043,5133.256212788827
2023-05-04,12647.49,7.129363021420518,7.031951144828687,1798.5747823775757,2457.3314110518677
2023-05-05,11594.57,6.804325117370892,6.743274961719827,1719.427142719223,2845.552353854293
2023-05-06,7738.070000000001,6.480795644891122,6.485962954649466,1193.0487506797986,2281.412364739276
2023-05-07,8146.19,6.1249548872180455,6.351756174016273,1282.509872360086,2624.6062825441377
2023-05-08,11950.93,7.857284681130835,7.799535979616829,1532.2616667494517,917.3360615622896
2023-05-09,11933.490000000002,6.734475169300227,6.720798773641232,1775.6059066673422,2978.4338073408326
2023-05-10,10539.01,6.138037274315667,6.186262656007306,1703.6150234852803,3768.3187444369323
2023-05-11,11293.89,6.413339011925042,6.433705588913477,1755.425367841134,3448.5532620027534
2023-05-12,10343.0,6.845135671740569,6.828588868579509,1514.6614035575353,2377.455231061278
2023-05-13,7520.719999999999,7.498225324027915,7.456486959054409,1008.614383864454,949.8425199255198
2023-05-14,6346.73,7.131157303370786,7.229146416866312,877.9362920624283,1026.3695407118685
2023-05-15,11559.61,7.763337810611149,7.943284038152404,1455.2683681557921,662.0496282353051
2023-05-16,12035.3,6.85381548974943,6.884825556337445,1748.0907688244288,2645.5457074531696
2023-05-17,12343.8,6.730534351145038,6.748284466804273,1829.1760018002835,3018.0170938943593
2023-05-18,12504.06,6.16267126663381,6.250030019209509,2000.6399907790342,4297.7488903582835
2023-05-19,10800.82,6.331078546307151,6.341877590227046,1703.0949977092382,3502.141455095827
2023-05-20,7343.12,5.945846153846154,6.025399526527098,1218.6942903406782,2891.739173289633
2023-05-21,7373.98,7.159203883495146,7.153515709668358,1030.819012535846,1283.061811121146
2023-05-22,13611.75,9.117046215673142,9.008646962869626,1510.9649713328422,-922.338209088728
2023-05-23,11764.36,8.215335195530727,8.183297123777217,1437.606361110575,308.970259452497
2023-05-24,11934.46,7.263822276323799,7.294645191643852,1636.0576404279593,1805.507177891499
2023-05-25,11314.57,7.134029003783102,7.099042389819125,1593.8163739135357,2070.645853048856
2023-05-26,11225.05,7.443667108753315,7.424374982332103,1511.9185152571658,1472.3698597586863
2023-05-27,6809.78,7.591727982162764,7.640176074979966,891.3119191455096,675.6509601948519
2023-05-28,7490.1,8.639100346020761,8.652308682329595,865.6764656694293,-219.9611423863098
2023-05-29,13171.56,10.33874411302983,10.20517570501648,1290.6744950530697,-2332.1954439125657
2023-05-30,14147.37,8.558602540834846,8.418783099403756,1680.4530812775022,-34.560273626419075
2023-05-31,12904.86,7.328143100511074,7.28649726201856,1771.064962484457,1968.9279724608605
2023-06-01,12308.48,6.759187259747391,6.84031928081914,1799.4013867911203,2803.2834143349737
2023-06-02,12210.92,7.272733770101251,7.3040261046820145,1671.8067302870916,1829.2757940272277
2023-06-03,9696.36,6.950795698924732,6.985428690617722,1388.0837425229734,1961.0685594494953
2023-06-04,10535.15,7.270634920634921,7.279619558061663,1447.211618130932,1618.8472927731545
2023-06-05,11666.14,7.624928104575163,7.639532114561956,1527.0751958438393,1158.5689531504104
2023-06-06,12296.54,6.568664529914529,6.622903689153159,1856.6690045846497,3296.169298755831
2023-06-07,12197.47,6.62186210640608,6.6436841521929635,1835.9497111213254,3221.2341750361647
2023-06-08,11893.53,6.874872832369943,6.838990877324349,1739.0767458741168,2711.6139861827305
2023-06-09,9561.7,6.603383977900553,6.622306599722385,1443.8624754101297,2564.1704652575518
2023-06-10,6609.75,6.676515151515152,6.697176124541789,986.9458226995978,1678.8352400056137
2023-06-11,6696.51,7.326597374179431,7.31740869531945,915.1477358758702,989.0993227663103
2023-06-12,11265.08,7.040675,7.083031388727267,1590.4320313938626,2091.713409982065
2023-06-13,11346.69,6.600750436300175,6.554950939436686,1731.0106673315702,3190.7133078042516
2023-06-14,11587.28,6.1864815803523765,6.185557963248722,1873.2796732074007,4144.929299269097
2023-06-15,11575.06,5.840090817356207,5.886682130748341,1966.3130678551736,4938.463940832617
2023-06-16,11825.66,6.448015267175572,6.438667993937607,1836.6624915486511,3599.0302597770024
2023-06-17,6767.400000000001,6.955190133607401,6.896376776793796,981.2978929417255,1473.7526999907632
2023-06-18,8226.28,7.451340579710146,7.403647908901576,1111.1117250874877,1105.0774390197166
2023-06-19,11520.84,8.446363636363637,8.31116785813867,1386.1878615191574,120.66653927005791
2023-06-20,11829.04,7.333564786112833,7.308113272324654,1618.6174952700583,1764.4610533944779
2023-06-21,11864.37,7.020337278106509,7.049957305399978,1682.899553294086,2268.985729386468
2023-06-22,12443.07,7.582614259597806,7.549996241649235,1648.0895621322736,1397.9438679463765
2023-06-23,11740.6,7.932837837837838,7.915419182427831,1483.25688500036,716.1132677278802
2023-06-24,7815.68,8.403956989247312,8.241797080101334,948.2980379206213,148.33275475842674
2023-06-25,7696.25,9.443251533742332,9.32597790686752,825.2485773457161,-765.6333235815755
2023-06-26,10945.23,9.222009406693614,8.922298270154888,1226.727651171652,-642.9049187751989
2023-06-27,14194.21,9.000767279644895,8.989472294581292,1578.9814501743376,-933.581056499017
2023-06-28,12472.04,7.225979142526072,7.327626437901875,1702.0572904056405,1822.2065639212342
2023-06-29,11000.53,6.602959183673469,6.6345921948351165,1658.0566939085827,2924.190004014041
2023-06-30,8755.77,6.157362869198312,6.322800908744442,1384.7929305967484,2874.0216066077137
2023-07-01,6813.44,7.156974789915966,7.207196383997141,945.3662196757343,1125.9507087736947
2023-07-02,5806.79,8.236581560283687,8.08583324485261,718.1436747655617,224.33645695547057
2023-07-03,11711.06,10.843574074074075,10.59023928660481,1105.835258586921,-2424.015471932531
2023-07-04,9034.34,11.18111386138614,10.96413956665811,823.9898758196566,-2114.2941722041796
2023-07-05,12019.259999999998,9.493886255924169,9.477676531627514,1268.1652470298056,-1368.932994544195
2023-07-06,12691.68,8.75288275862069,8.70681519984219,1457.6719166188386,-449.83485007115996
2023-07-07,12379.95,9.096216017634092,9.131743355828949,1355.7049861785335,-994.445264283986
2023-07-08,8860.04,9.435612353567626,9.428530595141455,939.705281814072,-968.1910761202525
2023-07-09,8493.039999999999,10.13489260143198,10.111766087712343,839.9165809739809,-1439.2382453560704
2023-07-10,12924.4,8.30083493898523,8.457124187516461,1528.2263466200097,-90.02343276892134
2023-07-11,12642.33,7.320399536768964,7.435240817754344,1700.3255590339234,1637.373107981568
2023-07-12,12246.07,7.066399307559146,7.063864552742657,1733.6218593326892,2313.2626650004713
2023-07-13,12624.16,7.172818181818181,7.212428109350727,1750.334257562041,2075.527012830833
2023-07-14,11339.49,6.978147692307692,7.020447277562733,1615.2090531668655,2225.386216794368
2023-07-15,7612.25,7.235979087452471,7.27219196642864,1046.761421472536,1178.679621742138
2023-07-16,9120.3,7.755357142857142,7.821172155727058,1166.1039826775395,672.8943545747334
2023-07-17,12239.09,7.712091997479521,7.733729887398944,1582.5597969153182,1051.590676127791
2023-07-18,12178.21,7.323036680697535,7.320493973338374,1663.5776280062087,1792.8760069091732
2023-07-19,12952.49,7.418379152348224,7.4329302021616455,1742.5819492066744,1682.0914445895014
2023-07-20,12429.29,7.967493589743589,7.921436977810403,1569.0701112458553,748.1013678794498
2023-07-21,11774.929999999998,8.021069482288826,8.017260997867092,1468.6973522668895,559.5091516209504
2023-07-22,6397.05,7.820354523227384,7.825416178771853,817.4708991648766,468.2480468761405
2023-07-23,6723.98,8.270578105781057,8.427537608492022,797.8582015729684,-23.39364452382779
2023-07-24,9487.93,8.227433341467684,7.9730505165349035,1189.9999856169813,505.94817399373824
2023-07-25,12251.88,8.184288577154309,8.170786561119906,1499.4737542527032,341.0260556525591
2023-07-26,11523.56,7.448972204266322,7.46207983853348,1544.2825927020262,1445.66040690738
2023-07-27,11129.14,6.740847970926711,6.775520703394126,1642.5512498876983,2665.3619196011623
2023-07-28,10618.62,6.526502765826676,6.571141957178263,1615.9474364117648,2952.4573195543944
2023-07-29,8450.76,7.235239726027397,7.282818760518521,1160.3693951321568,1294.274043650912
2023-07-30,11292.66,9.4578391959799,9.306376080120199,1213.4325867318857,-1101.9897556931446
2023-07-31,10394.88,7.499913419913421,7.4398155128211965,1397.1959361204958,1339.0747391235836
2023-08-01,10080.759999999998,6.376192283364958,6.479293606373307,1555.8424440102756,2985.54254731113
2023-08-02,10708.57,6.726488693467337,6.685488122156358,1601.7633722974927,2743.3864704086227
2023-08-03,10768.43,6.312092614302462,6.379056936856987,1688.0912189044816,3408.526464056651
2023-08-04,10381.91,6.807809836065574,6.773653880294754,1532.6897688413087,2489.9513558511644
2023-08-05,5778.25,6.656970046082949,6.675571472147151,865.5813250009988,1491.089845629508
2023-08-06,6126.71,6.77733407079646,7.116493111080612,860.9170140923079,1103.4579502089218
2023-08-07,10608.25,6.844032258064516,6.937312881249893,1529.1583616866817,2233.953832059
2023-08-08,10644.81,5.900670731707318,6.020388210471572,1768.1268429642014,4204.303006997863
2023-08-09,10164.59,5.899355774811376,5.912133665980912,1719.2760810683635,4274.263705321773
2023-08-10,10707.53,5.638509741969458,5.685661811959056,1883.2513002229737,5108.423187331811
2023-08-11,10196.91,6.278885467980295,6.259379069919463,1629.0609477548703,3484.2974341596764
2023-08-12,5506.07,6.186595505617977,6.161473930445181,893.6287099736496,1998.817872439312
2023-08-13,9574.45,8.84884473197782,8.637716641002243,1108.4468729329685,-265.4725677919323
2023-08-14,12469.96,8.36910067114094,8.331549101979546,1496.7156584406594,99.78296836606933
2023-08-15,12447.95,7.599481074481075,7.608679692060681,1636.0197174535922,1291.6986925214132
2023-08-16,12085.06,7.605449968533669,7.577152545807551,1594.934235115364,1309.5438940585482
2023-08-17,12423.2,7.461381381381382,7.456857503356948,1666.0101114185554,1568.3145305873877
2023-08-18,10937.45,6.89624842370744,6.910682908623698,1582.6872893200446,2354.301385015475
2023-08-19,6373.18,7.136819708846585,7.1963312318513175,885.6151550934719,1064.4082991778987
2023-08-20,10278.91,10.673842159916926,10.319528824023639,996.0638877301182,-1913.749270751563
2023-08-21,12509.29,8.018775641025641,8.040165264371826,1555.8498598818721,557.0748274104426
2023-08-22,13888.09,8.311244763614603,8.206985876499639,1692.2278421080223,323.6067235924256
2023-08-23,13124.36,7.702089201877935,7.713861073265244,1701.3995812663134,1164.362979810474
2023-08-24,13237.91,7.687520325203252,7.770633046010792,1703.581924615002,1069.1407729400798
2023-08-25,12316.56,8.401473396998636,8.385319427155235,1468.824188153612,18.944346927939478
2023-08-26,7673.8,8.207272727272727,8.241703139732913,931.0939583597625,145.72916038445328
2023-08-27,6596.84,8.154313967861558,8.215002492976813,803.0234933756605,147.12559718470766
2023-08-28,8991.186666666666,8.563025740317054,7.9841435405669126,1126.1303884359083,466.30076702067345
2023-08-29,11385.533333333333,8.97173751277255,8.774246979480916,1297.6080294934782,-487.93945006090325
2023-08-30,13779.88,9.380449285228046,9.490916422310216,1451.9019435897417,-1586.4923359677887
2023-08-31,11109.15,7.526524390243902,7.579301513425951,1465.7221355188583,1200.3026355869733
2023-09-01,11753.91,8.42574193548387,8.126538866858589,1446.3611375729033,392.94477244624613
2023-09-02,7068.360000000001,8.444874551971328,8.477494599750846,833.7793574304063,-66.09998078664012
2023-09-03,6805.16,8.464129353233831,8.735910678662572,778.9869024899232,-263.05891032252566
2023-09-04,11565.64,10.317252453166816,9.806596533359963,1179.3734921851983,-1661.0054243739723
2023-09-05,12523.13,7.996890166028097,7.97237854373927,1570.8147739465342,668.9134239265422
2023-09-06,12795.94,7.685249249249249,7.668754782535077,1668.5811924957677,1217.167027538384
2023-09-07,12735.88,7.183237450648618,7.150414299358808,1781.1387517982073,2222.5098416784513
2023-09-08,12315.02,7.037154285714286,7.177265619158527,1715.8372914508118,2094.9540037090137
2023-09-09,7540.04,7.020521415270019,7.113914650069266,1059.9002617956044,1361.2324546189147
2023-09-10,7261.77,7.105450097847359,7.457648195417499,973.7345889367831,915.8644313085297
2023-09-11,12327.11,8.158246194573131,8.16898460657992,1509.0137383868748,345.9149131072609
2023-09-12,12543.52,7.529123649459783,7.55233773448297,1660.8791133277787,1404.9032949151206
2023-09-13,12699.78,7.701503941782898,7.642525486189335,1661.7255674121775,1255.7520000425193
2023-09-14,12920.3,7.649674363528715,7.708098480544991,1676.1980964060654,1156.77543985989
2023-09-15,11945.24,8.13708446866485,8.069170651040695,1480.3553570228933,487.105605983581
2023-09-16,6317.27,7.405943728018757,7.551576871475723,836.549783908309,708.2566621081587
2023-09-17,9517.0,10.586206896551724,10.133062462697483,939.2027370831499,-1629.3715558501017
2023-09-18,14389.13,8.887665225447806,9.193744994322344,1565.099968390041,-1245.0807535608164
2023-09-19,13005.54,7.5657591623036655,7.565795003800842,1718.9918565684618,1430.9267262794074
2023-09-20,12074.44,7.069344262295081,7.0589754895622745,1710.5088433659846,2290.7845401293107
2023-09-21,11919.32,6.722684715172025,6.823208391348693,1746.87908039168,2751.3496849925887
2023-09-22,12390.72,6.980687323943662,7.026195917827971,1763.5033444712683,2419.563863103329
2023-09-23,8591.64,7.059687756778964,7.211397024177648,1191.39744645799,1413.9743534616136
2023-09-24,8772.04,7.471925042589438,7.815401801561144,1122.4042247255625,654.1543020674708
2023-09-25,12097.02,8.16263157894737,7.975040268580539,1516.8600524387225,641.8999615919911
2023-09-26,12209.88,7.89261797026503,7.808705290437395,1563.6241279271123,921.7748178937818
2023-09-27,11642.25,7.515978050355068,7.528520423076498,1546.4193952790586,1344.915738751788
2023-09-28,11493.06,7.372071840923668,7.467702230546877,1539.03565583899,1432.0954922606506
2023-09-29,9460.2,6.885152838427948,7.113817968231675,1329.8344211570513,1708.0381153445633
2023-09-30,5070.349999999999,6.542387096774193,6.881848660094573,736.7715058020937,1117.217025253729
2023-10-01,9237.95,11.634697732997482,10.187068639316173,906.8310352152605,-1622.1861345583084
2023-10-02,10152.6,7.416070124178232,7.670227517875056,1323.6373988046519,963.5941765378866
2023-10-03,10581.62,6.625936130244209,6.662655606395573,1588.1985540183948,2756.416182196701
2023-10-04,9708.17,6.018704277743336,6.104510791953373,1590.3272728744735,3647.7436251979325
2023-10-05,9482.84,5.5912971698113205,5.709026160052689,1661.0258447147285,4466.815576951423
2023-10-06,8572.61,5.321297330850404,5.647744241982499,1517.8821194266404,4174.893502000707
2023-10-07,5227.02,5.542969247083775,5.873412442599344,889.9460153843248,2246.9398039329435
2023-10-08,5672.35,6.199289617486339,6.355507515860764,892.5093685821502,1823.137400475478
2023-10-09,12378.12,9.299864763335838,8.791936586721429,1407.8945949968327,-554.3156014415126
2023-10-10,10918.88,7.593101529902643,7.517986104794195,1452.3676750396048,1278.418977837242
2023-10-11,11249.27,8.169404502541758,7.918819605899305,1420.5740956164225,681.0195969037286
2023-10-12,9973.0,7.755054432348367,7.737870032568713,1288.855971736876,851.0922025594755
2023-10-13,9409.46,7.90047019311503,7.901124717214319,1190.901338324586,591.9879296748131
2023-10-14,6328.110000000001,8.862899159663867,8.80186640510869,718.9509257181071,-290.2040743276493
2023-10-15,7495.02,9.54779617834395,9.815550250958685,763.5863307070291,-1082.2562549177783
2023-10-16,11423.29,7.262104259376987,7.51243412674302,1520.5843814769678,1346.9076852373346
2023-10-17,11385.44,7.284350607805503,7.335403770728222,1552.1217857745426,1649.6156518620464
2023-10-18,12087.169999999998,7.573414786967417,7.5059390653856966,1610.347472142567,1436.8776041245565
2023-10-19,12332.85,8.071236910994765,7.96643055558166,1548.1023670455547,668.449700943318
2023-10-20,11714.73,7.931435341909276,7.9243933361844565,1478.3125348546323,700.4595420108999
2023-10-21,7738.65,8.103298429319372,7.989826157048396,968.5630009825913,395.55231315309265
2023-10-22,8830.44,8.020381471389646,7.975772657134064,1107.1579368679052,467.7126673643688
2023-10-23,10669.933333333334,8.456786607281003,8.263236260477125,1291.2535714811142,174.29443228792843
2023-10-24,12509.426666666666,8.893191743172363,8.52551481239347,1467.2928194883689,-186.78308617981202
2023-10-25,14348.92,9.32959687906372,9.340812358911947,1536.1533289243182,-1447.9709147906215
2023-10-26,14400.35,9.60663775850567,9.493366570551432,1516.8854897766305,-1661.21641012297
2023-10-27,13232.4,9.845535714285717,9.630065280067171,1374.0716822957718,-1692.647763718449
2023-10-28,8192.86,10.177465838509317,9.92428563092893,825.5364975053761,-1259.8253075864013
2023-10-29,12220.65,14.548392857142856,13.055596597488748,936.0468446421398,-4359.525425570176
2023-10-30,14534.86,10.024041379310344,9.929776105742423,1463.7651287620113,-2241.842731934037
2023-10-31,13745.02,8.71040557667934,8.745545521423294,1571.6595341399661,-545.8820966100666
2023-11-01,13153.06,8.361767323585505,8.453985151955358,1555.8413888339717,-86.76631428850305
2023-11-02,12570.32,7.84174672489083,7.9611672845029045,1578.9543858058612,690.0816510600762
2023-11-03,12330.97,8.275818791946309,8.150097835353654,1512.984291613099,375.40048092730467
2023-11-04,7465.02,8.194313940724479,8.329697312000707,896.1934294112999,61.4069429604433
2023-11-05,8093.900000000001,7.881110029211295,7.970237621298088,1015.5155196843143,434.6197564628883
2023-11-06,12633.23,8.791391788448156,8.747809555617593,1444.159240056535,-504.86724082784895
2023-11-07,12961.35,7.8269021739130435,7.89471934831363,1641.774637976034,826.629764199939
2023-11-08,12470.38,8.055801033591733,8.03302508807663,1552.3890269569438,566.9200013177378
2023-11-09,12487.44,8.09296176279974,8.06903487815345,1547.5754149742472,509.4342430711913
2023-11-10,11539.76,8.573372956909362,8.406190645080304,1372.7692467638249,-10.945900015158259
2023-11-11,7144.55,8.288341067285383,8.077008521339359,884.5539757849934,284.1262850116145
2023-11-12,8014.69,9.233513824884794,8.74767691720351,916.2078201857238,-320.1778591035318
2023-11-13,12545.23,8.928989323843416,8.819690128764632,1422.4116512988196,-599.5082116258764
2023-11-14,12996.75,8.406694695989652,8.311565867498071,1563.6945200450239,135.49598617892298
2023-11-15,12219.23,7.773047073791348,7.825506053794548,1561.461957348427,894.2664400652538
2023-11-16,12816.54,8.158204964990453,8.026710907786292,1596.736215772683,593.1973187466174
2023-11-17,12513.18,8.237774851876235,8.165421759373919,1532.4597269742799,356.7494143202475
2023-11-18,8404.17,8.247468105986261,8.321677376078519,1009.91298030354,77.29841468708946
2023-11-19,8296.85,8.660594989561586,8.52553335577286,973.1766510985484,-123.90125175985122
2023-11-20,11501.14,8.673559577677224,8.436776229588624,1363.2150109261336,-52.5644463694116
2023-11-21,11586.14,8.09653389238295,8.030024083484776,1442.8524596618622,531.2481337751997
2023-11-22,9317.72,8.095325803649,8.012144346749498,1162.9495921126495,448.98309793630506
2023-11-23,5149.21,8.908667820069205,8.887915636887966,579.3495584756648,-283.7066575264862
2023-11-24,9475.06,11.799576587795768,11.93978701483034,793.5702695727388,-2810.484628176442
2023-11-25,8364.51,12.635211480362535,12.16483821828491,687.5973070835702,-2589.9185690626737
2023-11-26,11803.78,8.134927636113025,8.18727489749836,1441.722691344671,304.12009422619485
2023-11-27,13890.71,9.019941558441555,9.228834179853376,1505.142440452938,-1250.197087224351
2023-11-28,13795.21,7.932840713053478,8.325849043145464,1656.9132983929574,119.90752029474606
2023-11-29,13008.89,7.024238660907127,7.2480613109638155,1794.8095969224264,2064.310566349297
2023-11-30,10771.31,5.987387437465258,6.296530456327689,1710.6738504179532,3595.3003051672586
2023-12-01,6711.55,4.581262798634812,5.447660150483557,1232.006001586618,3635.1038136990855
2023-12-02,4778.24,4.735619425173439,5.115949911317391,933.9888159244256,3065.600802554186
2023-12-03,6033.02,5.367455516014235,5.973850742162916,1009.9047097744631,2448.378956988745
2023-12-04,7353.505,6.757740434923454,7.862538516143175,935.2583755109066,500.9978395250009
2023-12-05,8673.99,8.148025353832672,8.476672057207185,1023.2777605953326,-80.28125953751442
2023-12-06,9994.475,9.538310272741892,9.9306738434723,1006.4246553187967,-1542.3022956912173
2023-12-07,11314.96,10.928595191651109,10.871615751416517,1040.779977762341,-2574.263840835003
2023-12-08,12635.445,12.318880110560329,11.243806326844332,1123.7693564529977,-3197.7860253776216
2023-12-09,13955.93,13.709165029469547,13.10895843045499,1064.6101346677024,-5015.10301070238
2023-12-10,13780.35,13.73913260219342,13.037472222993241,1056.9802001722849,-4903.600856706067
2023-12-11,13718.615,13.23441295124212,12.275743799131723,1117.5383931497765,-4333.285007656334
2023-12-12,13656.880000000001,12.72969330029082,11.994932001634993,1138.5541825613077,-4095.0548466078617
2023-12-13,13595.145,12.224973649339521,11.661172171285449,1165.8472064649538,-3804.107107792979
2023-12-14,13533.41,11.720253998388223,11.607144879340924,1165.9551199440575,-3741.465826972366
2023-12-15,13471.675000000001,11.215534347436924,11.082871939555645,1215.5400760265513,-3263.305603156632
2023-12-16,13409.94,10.710814696485624,10.75581600308024,1246.7617516104474,-2939.364194799715
2023-12-17,10218.76,7.979597042044157,8.981740511493609,1137.72603282442,-663.8898278518227
2023-12-18,7027.58,5.2483793876026885,6.669483336077214,1053.691814774577,1821.552568965326
2023-12-19,6302.2,4.699627143922446,6.338152628663527,994.3275855332143,2048.378886526735
2023-12-20,6011.85,4.642355212355213,5.494627676820661,1094.1323695800654,3176.911126023857
2023-12-21,5667.07,4.406741835147745,4.92072606231238,1151.6735392778382,4004.9343587122094
2023-12-22,4995.450000000001,4.520769230769232,4.9572032180084875,1007.7153952157076,3467.5626181238677
2023-12-23,3190.82,4.18742782152231,4.379845926154731,728.5233439253349,2927.4771715125385
2023-12-24,2946.92,4.815228758169935,5.678311375031516,518.9782323241553,1411.5718415886531
2023-12-25,2450.26,4.640643939393939,5.723504606453204,428.1048358443448,1145.0573334768787
2023-12-26,3251.5,3.686507936507936,4.70300900039023,691.36588931261,2554.7408024843144
2023-12-27,8158.19,5.8397924123120974,6.085666879076538,1340.5580952925827,3100.1078583558565
2023-12-28,8637.439999999999,5.840054090601757,6.3205300913439455,1366.5689230447765,2839.3024355844736
2023-12-29,7615.849999999999,5.721900826446281,6.075092264430721,1253.6188206704805,2912.3129595237415
2023-12-30,5181.91,5.776934225195094,6.127980937115041,845.6145756940888,1919.7447510784568
2023-12-31,6218.71,7.715521091811414,7.770534206990258,800.2937551456553,502.3306630273164
2024-01-01,12371.73,13.217660256410255,12.652823393141041,977.7841368359398,-4160.086586461994
2024-01-02,12364.288,12.757229090083957,11.005032176841334,1123.5122079896362,-2928.7886139881484
2024-01-03,12356.846,12.296797923757659,10.71752065612524,1152.9575166190941,-2674.05852088294
2024-01-04,12349.404,11.83636675743136,11.175366404717295,1105.0558480827194,-3068.905130521329
2024-01-05,12341.962,11.37593559110506,11.392873708366459,1083.305434250234,-3244.1278269104696
2024-01-06,12334.52,10.915504424778762,11.608217024117273,1062.5680045758756,-3410.8432624669476
2024-01-07,13269.2,11.72190812720848,12.387926986091383,1071.1396680734454,-4273.536571896724
2024-01-08,12997.428333333333,11.038565657196763,11.37040860458982,1143.092459147576,-3397.4897481166226
2024-01-09,12725.656666666668,10.355223187185047,10.936935197210378,1163.5486941453698,-2953.9221798218205
2024-01-10,12453.885,9.67188071717333,10.530650799612891,1182.63203642246,-2521.8844625879483
2024-01-11,12182.113333333333,8.988538247161612,9.491560056877466,1283.4679715803227,-1403.270725577957
2024-01-12,11910.341666666667,8.305195777149896,8.617296113007965,1382.143715438511,-302.798743981748
2024-01-13,11638.57,7.6218533071381795,8.000322724703063,1454.7625640229373,578.8417753405593
2024-01-14,12474.72,8.760337078651684,8.976888376235696,1389.6485594077376,-804.1497687017982
2024-01-15,12642.092499999999,9.097446477711877,9.294355954893087,1360.1902661522738,-1218.919409514574
2024-01-16,12809.465,9.434555876772071,9.455216572106345,1354.7510945216168,-1431.9712534651935
2024-01-17,12976.8375,9.771665275832264,9.593263253144006,1352.7031582029288,-1616.5427671832094
2024-01-18,13144.21,10.108774674892459,9.791521553539257,1342.4072988175035,-1870.382129064019
2024-01-19,13311.5825,10.445884073952652,10.672795429263337,1247.2442283960088,-2836.95475003084
2024-01-20,13478.955,10.782993473012844,10.978838570978471,1227.7213944679313,-3168.2842468766503
2024-01-21,13646.3275,11.120102872073039,11.218956705230902,1216.3633266930535,-3431.0442653691316
2024-01-22,13813.7,11.457212271133232,11.686631138666298,1182.008727416415,-3886.934146912703
2024-01-23,13981.0725,11.794321670193426,12.271834568113801,1139.2813700673046,-4413.140268093221
2024-01-24,14148.445,12.131431069253619,12.42031361932414,1139.1374995545318,-4581.721023887219
2024-01-25,14315.817500000001,12.468540468313812,12.588925325614095,1137.1755038432295,-4765.570789730622
2024-01-26,14483.19,12.805649867374006,12.747009354767062,1136.2029788252764,-4941.110765922265
2024-01-27,13972.06,16.613626634958383,15.677210819720724,891.233789012024,-6487.2851936246525
2024-01-28,14170.27,18.54747382198953,17.39756554823373,814.497290480887,-7329.944964286977
2024-01-29,14182.06,14.83479079497908,15.387946817267656,921.634326425247,-6441.974881856734
2024-01-30,13398.65,14.253882978723404,14.463173493283549,926.3976544443793,-5618.561419250558
2024-01-31,12470.5,14.517462165308498,14.523397194371631,858.6489671185742,-5259.379600566163
2024-02-01,12706.757,14.390097198777648,15.629031868880775,813.0226559522624,-5878.81626513434
2024-02-02,12943.014,14.262732232246798,13.507852941808576,958.1844024922476,-4895.973409689713
2024-02-03,13179.271,14.13536726571595,13.635009760298402,966.5758390855433,-5061.757303780634
2024-02-04,13415.528,14.0080022991851,13.972408362401694,960.1442823629317,-5352.027913135079
2024-02-05,13651.785,13.88063733265425,12.75984946445767,1069.901728701957,-4666.5180554387225
2024-02-06,13888.042,13.753272366123399,12.954136861100885,1072.0931968615737,-4884.370630166362
2024-02-07,14124.298999999999,13.625907399592549,13.509194118155134,1045.5323149897017,-5343.691681283724
2024-02-08,14360.556,13.4985424330617,13.4385785405751,1068.6067694318392,-5386.164404465833
2024-02-09,14596.813,13.37117746653085,13.409794888098187,1088.518737371244,-5455.196375729629
2024-02-10,14833.07,13.2438125,13.388739266292358,1107.876530043714,-5528.882431171349
2024-02-11,13747.56,15.057568455640746,13.295501581354136,1034.0008547913558,-5063.796386984088
2024-02-12,12654.755,13.55677421808446,12.612758687556415,1003.3296690663731,-4228.574662019582
2024-02-13,11561.95,12.055979980528175,12.043767586003616,959.9944467075611,-3499.7082654913756
2024-02-14,10469.145,10.555185742971888,11.31259922435928,925.4411645253833,-2697.089229200672
2024-02-15,9376.34,9.054391505415602,10.29456840781833,910.8045746608502,-1727.2054878198605
2024-02-16,8283.535,7.553597267859317,10.091085770235775,820.8764833247926,-1389.6361181517168
2024-02-17,7190.7300000000005,6.052803030303031,10.17256845993549,706.8745743339633,-1254.243894477394
2024-02-18,7258.88,5.248647866955893,8.258909009056186,878.9151196653676,122.43994738023048
2024-02-19,10097.28,5.218232558139534,7.1506229691995955,1412.0839601658147,1761.7075965679142
2024-02-20,9903.52,4.838065461651197,7.006173186531289,1413.5419916593826,1967.7124615231096
2024-02-21,9777.52,5.1352521008403365,6.367816820561105,1535.4587412799426,3117.595787408578
2024-02-22,9789.73,5.268961248654467,5.852257146284176,1672.8126866769478,4258.914034136542
2024-02-23,9176.05,5.225541002277904,5.835862704372417,1572.3553594098446,4028.9315950383407
2024-02-24,7353.080000000001,5.5161890472618165,6.0344730301168035,1218.512364427234,2880.251319980699
2024-02-25,7199.46,5.462412746585736,6.399417335364281,1125.0180481611264,2248.6857586213237
2024-02-26,10146.69,5.331944298476091,6.205468105903485,1635.120804238296,3585.409424226249
2024-02-27,10006.48,5.165967991739803,5.697408120283471,1756.3214340176376,4743.488620248174
2024-02-28,11163.5475,6.376998223627014,6.357852566983976,1755.8676270619687,3582.609950933651
2024-02-29,12320.615,7.588028455514224,7.141945389155557,1725.106302087918,2167.20216691936
2024-03-01,13477.682499999999,8.799058687401434,8.431444342545626,1598.5022200752392,-53.11389380143555
2024-03-02,14634.75,10.010088919288645,9.697811157789147,1509.0776425611848,-1961.1884057661991
2024-03-03,14686.83,10.025139931740616,9.657101589043286,1520.832090724128,-1914.5519987386215
2024-03-04,14717.202,9.55939514041324,9.135109931821464,1611.0591016243536,-1187.1779770250614
2024-03-05,14747.574,9.093650349085863,9.07504468562822,1625.0690228947453,-1099.8916172806748
2024-03-06,14777.946,8.627905557758487,8.869078526031224,1666.2324002009827,-784.5646399690195
2024-03-07,14808.318000000001,8.16216076643111,8.907977455143389,1662.365904557808,-847.408309620454
2024-03-08,14838.69,7.696415975103734,8.524992745892028,1740.6102787771142,-220.66707163776846
2024-03-09,9736.32,8.086644518272426,8.378413627680093,1162.0720141858046,23.013008024474402
2024-03-10,10009.82,8.985475763016158,9.386319488149153,1066.4265170856434,-1053.7386369026408
2024-03-11,9967.556666666667,8.632995060729428,9.445430066014266,1055.2782241785974,-1105.1010871891704
2024-03-12,9925.293333333333,8.280514358442696,9.193768579262724,1079.5674535163548,-858.8515337922399
2024-03-13,9883.029999999999,7.928033656155966,9.040423515933016,1093.204315326816,-702.0628750332289
2024-03-14,9840.766666666666,7.575552953869235,8.322137128713294,1182.4807155260337,89.96304501232407
2024-03-15,9798.503333333334,7.223072251582504,8.104193889270054,1209.06575869397,355.4933412716855
2024-03-16,9756.24,6.870591549295774,8.101516630948218,1204.248592508056,357.3010673883946
2024-03-17,10064.89,7.087950704225352,8.157062442416914,1233.8865947209547,297.5574430323395
2024-03-18,10839.216,7.152969074018579,8.086194596946774,1340.4594546973588,418.2534532267855
2024-03-19,11613.542,7.217987443811807,7.996376929239714,1452.3504960770028,583.6127051805397
2024-03-20,12387.868,7.283005813605035,8.260055771646208,1499.73176240808,207.2048641432284
2024-03-21,13162.194,7.3480241833982625,8.32845706852677,1580.388046873642,110.24784788980105
2024-03-22,13936.52,7.41304255319149,8.691337262250112,1603.4954782541663,-470.01692780594203
2024-03-23,9794.14,7.841585268214571,9.052990173521158,1081.8679587929532,-708.3780578111455
2024-03-24,10164.541666666666,7.657276774334265,8.7553245757935,1160.9554367372436,-414.58591841330235
2024-03-25,10534.943333333333,7.472968280453959,8.359959431801181,1260.166800960605,48.2109859350785
2024-03-26,10905.345,7.288659786573653,8.254814056305417,1321.0891154683227,189.44813996317862
2024-03-27,11275.746666666666,7.104351292693347,8.120524204179,1388.5491112585958,385.5901604349383
2024-03-28,11646.148333333333,6.920042798813041,8.122832756537152,1433.7545388904705,394.83348705960634
2024-03-29,12016.55,6.735734304932735,8.139527274219848,1476.3203801847023,381.9089946868098
2024-03-30,9944.2,7.533484848484847,8.964646547546296,1109.2684967843843,-628.3223923506357
2024-03-31,10001.41,8.985992812219227,9.607952127377438,1040.951273216841,-1259.2752644276752
2024-04-01,13243.05,8.870093770931012,8.688371085296772,1524.2270236835368,-442.26061486022627
2024-04-02,13721.96,7.306687965921193,8.004655362720293,1714.247444544164,674.6621243036534
2024-04-03,14267.98,7.184279959718026,8.055227536432648,1771.2696426597456,607.5269209996768
2024-04-04,13848.9,6.900298953662182,7.919837965965362,1748.6342598818478,836.510063320522
2024-04-05,11307.54,6.655409064155385,7.350006920059212,1538.4393678787048,1612.6077365432247
2024-04-06,7939.39,7.032232063773251,8.012370271067905,990.8915503653855,382.33231738061386
2024-04-07,8838.82,8.184092592592592,8.101190669881577,1091.0519650970275,324.0712205598302
2024-04-08,14404.68,8.16129178470255,8.588627118676639,1677.1807415734584,-319.3520927368463
2024-04-09,14681.150000000001,7.6727736541188065,8.204471897030666,1789.4082866337017,346.68919016619657
2024-04-10,14957.62,7.184255523535063,8.081668394904845,1850.8084307728038,585.8709278203751
2024-04-11,14765.08,7.408469643753136,8.063298693023482,1831.1463536350236,613.2845362761236
2024-04-12,13176.12,6.493898472153771,7.8385053480559375,1680.948014313452,940.8462814368995
2024-04-13,9283.55,6.415722183828611,7.384741281507621,1257.1259636742116,1274.0667077100406
2024-04-14,11082.01,7.477739541160594,7.6590334189825615,1446.9201782738992,1069.5397175954768
2024-04-15,14202.35,7.916583054626533,8.49313956598494,1672.2143666260322,-158.7307875190727
2024-04-16,14363.645,7.5429262755857245,8.197625683000105,1752.171367105323,351.47045752809936
2024-04-17,14524.94,7.169269496544915,7.972858468304525,1821.798299536203,774.9175489175668
2024-04-18,14674.91,7.200642787046124,7.942398041630302,1847.667407636969,842.2019337526126
2024-04-19,12912.94,6.938710370768405,7.69353507172814,1678.4143933329033,1182.7483825085656
2024-04-20,8269.49,7.159731601731601,8.176133162800266,1011.4182138843444,224.6196930163187
2024-04-21,8420.449999999999,7.876941066417212,8.28466941146708,1016.3893792002106,115.40861835247597
2024-04-22,9970.41,7.398355269633464,7.308130587277091,1364.2900713019192,1487.194144013065
2024-04-23,11520.369999999999,6.919769472849715,7.214540890266236,1596.8264890622675,1890.1254534267682
2024-04-24,13070.33,6.441183676065967,7.426773539996817,1759.893435501953,1709.637064032242
2024-04-25,14620.29,5.962597879282219,7.599652732734479,1923.8102732017048,1536.2862459124262
2024-04-26,12319.29,5.863536411232746,6.844675716986053,1799.8354501189735,2796.1187723776566
2024-04-27,11458.67,6.227538043478261,6.481990255071166,1767.7703219370537,3387.4488660274037
2024-04-28,11084.06,6.597654761904762,6.672469089226019,1661.1631843896198,2866.748985351349
2024-04-29,14371.28,6.98312925170068,7.681836910918839,1870.8129535492867,1340.2132521677977
2024-04-30,14003.4775,7.048137225131489,7.738278148938885,1809.6373935486195,1194.2501208551803
2024-05-01,13635.675,7.113145198562299,7.57279283139519,1800.6137634545328,1486.2702167060525
2024-05-02,13267.8725,7.1781531719931095,7.658456710903081,1732.4472802870305,1281.5957952274312
2024-05-03,12900.07,7.243161145423919,7.521753863343628,1715.0348488358486,1503.1649164548198
2024-05-04,8250.99,7.798667296786389,8.561773508128766,963.7010360255733,-157.61952386703342
2024-05-05,11548.52,9.528481848184818,9.52615940830633,1212.2954807926344,-1367.399418184872
2024-05-06,14832.42,7.823006329113924,8.561224903210238,1732.511430045276,-282.41296117883394
2024-05-07,14932.61,7.981084981293426,8.534761956840937,1749.622318175019,-238.9020086709861
2024-05-08,14991.14,6.731540188594521,8.078729173197486,1855.6309635599093,592.8516049186492
2024-05-09,14991.73,6.963181607059917,8.068120712453357,1858.1439884581634,613.3665334774032
2024-05-10,13619.67,6.745750371471026,8.01722126434696,1698.801810618281,647.2363380506413
2024-05-11,10525.66,6.861577574967406,7.691345470857669,1368.5069848807966,967.3586995482983
2024-05-12,10003.24,6.88454232622161,7.731435934810237,1293.839861617572,862.7079915529976
2024-05-13,13769.240000000002,7.479217816404129,8.265849879590814,1665.7984599983592,220.49703602069894
2024-05-14,14410.19,7.48192627206646,8.257486630043637,1745.1060650308132,245.58951715116928
2024-05-15,14470.7,6.994055099081682,8.13030392319548,1779.8473632351659,476.84448022440483
2024-05-16,14960.04,7.394977755808206,8.188001259111704,1827.068600331771,384.07867894094124
2024-05-17,11939.47,7.08573887240356,7.665828950807009,1557.4923568759107,1140.6888736776473
2024-05-18,8128.99,7.369891205802357,8.224919517966672,988.3367225956288,171.27631923348235
2024-05-19,10060.08,9.26342541436464,9.592650298385463,1048.7278997018384,-1252.635467255348
2024-05-20,10666.86,8.778257824964298,8.665266757800914,1230.9903778088712,-328.73561523208446
2024-05-21,11273.64,8.293090235563954,7.812798516731422,1442.9707838819913,844.7418462586411
2024-05-22,11880.42,7.807922646163611,7.824578459016567,1518.3463316556981,870.9820570596585
2024-05-23,12487.2,7.322755056763268,7.89819548484742,1581.019363721311,790.5437838066518
2024-05-24,13093.98,6.837587467362924,8.089468216139581,1618.6453361514841,499.75486715967963
2024-05-25,8971.24,6.976080870917574,7.874429464771129,1139.2876195203496,596.744716169922
2024-05-26,9235.87,7.289558011049724,7.924822884224808,1165.4355100332866,551.7103762133393
2024-05-27,8820.2,8.212476722532589,10.227092463455014,862.4347566542169,-1577.2857183234028
2024-05-28,9665.4225,8.09480963580807,10.343459973371772,934.4477113927726,-1817.727793697337
2024-05-29,10510.645,7.9771425490835535,10.19937990131476,1030.518041459081,-1856.1308093086373
2024-05-30,11355.8675,7.859475462359036,10.201965116845852,1113.105893809496,-2007.76259920968
2024-05-31,12201.09,7.741808375634518,10.492809548501654,1162.8048659038402,-2435.602344178742
2024-06-01,8207.32,8.504994818652849,8.59368059458671,955.0413131679476,-186.67575605668299
2024-06-02,10639.82,9.009161727349705,9.076238237179723,1172.272005423486,-794.8252516080756
2024-06-03,14041.8,7.10257966616085,8.298385779851385,1692.1122218846124,168.92571986034636
2024-06-04,14159.1925,7.265920586071733,8.293176420830843,1707.3304342633865,179.33907059787998
2024-06-05,14276.585,7.429261505982616,8.291401663129422,1721.8542268294345,183.92053302123713
2024-06-06,14393.9775,7.592602425893499,8.540148230833125,1685.4482042867085,-239.21764638147033
2024-06-07,14511.37,7.755943345804383,8.446402502166134,1718.0533364682144,-82.78516923242569
2024-06-08,12218.5,7.733227848101266,7.974468617480859,1532.202405714631,649.2683745289942
2024-06-09,13189.17,7.988594791035735,8.743235870361131,1508.4998501195912,-520.4608321031174
2024-06-10,14959.38,7.9486609989373,9.229283331938436,1620.8604137476473,-1347.0424303953114
2024-06-11,14685.966666666665,7.790146797036424,9.272958547940226,1583.741218160499,-1385.3641584891175
2024-06-12,14412.553333333333,7.631632595135548,9.286252835137105,1552.031114078593,-1378.2591620545663
2024-06-13,14139.14,7.473118393234672,9.341100846530463,1513.6481483605498,-1427.1943060145477
2024-06-14,12432.67,6.941747627024009,8.111483340834514,1532.7245927279337,439.48381440972116
2024-06-15,7776.41,7.329321394910462,8.423157609608275,923.2179142806812,-23.025567322020834
2024-06-16,7818.61,7.9944887525562365,8.401338879094498,930.638569937402,-2.905290430609057
2024-06-17,11136.345,7.2600163853074635,7.690679564645803,1448.0313353834144,1024.5364561827719
2024-06-18,14454.08,6.5255440180586906,8.072053131973865,1790.6324157786526,584.0396924281631
2024-06-19,13889.33,6.181277258566978,7.909539481158437,1756.0225893158774,858.1288575772232
2024-06-20,13835.13,6.363905243790248,7.905977529790534,1749.9581737827878,861.3985796220095
2024-06-21,12470.07,6.244401602403605,7.351852085819017,1696.1807520656612,1774.8241194133407
2024-06-22,8744.09,6.415326485693324,7.404971311379175,1180.840496513877,1172.8647963980766
2024-06-23,11849.320000000002,8.433679715302492,8.028098148702492,1475.9809584434513,546.2884572307848
2024-06-24,11666.386,8.180996231258387,7.7151789318587385,1512.1342101121352,1032.8453119682435
2024-06-25,11483.452000000001,7.9283127472142825,7.6702641396264335,1497.139054269816,1089.8467384392698
2024-06-26,11300.518,7.675629263170177,7.668981933742332,1473.5356136750659,1074.553921092942
2024-06-27,11117.584,7.4229457791260725,7.850498518683097,1416.1628046348512,775.6586177501922
2024-06-28,10934.65,7.170262295081967,7.848898965280691,1393.1444459113325,765.2794449530847
2024-06-29,6502.85,7.217369589345172,8.43832028107139,770.6332283436808,-30.904879004746363
2024-06-30,7698.31,8.395103598691385,8.537468213403967,901.7087744951748,-125.56399189502827
